,Dataset,Number of Total Matches,Detector/Descriptor,Number of Good Matches,Recall Rate of Matches,1 - Precision Rate of Matches,F-Score,ParameterName,Parameter
0,Industrial_Estate,75.9493670886076,ROOTSIFT,0.1772151898734177,0.0023333333333333,0.9976666666666666,0.0023333333333333,A,"ROOTSIFT(nfeatures=6000, contrastThreshold =0.06, edgeThreshold=6)"
1,Industrial_Estate,75.9620253164557,ROOTSIFT,1.3544303797468351,0.0178303616063989,0.9821696383936012,0.0178303616063988,A,"ROOTSIFT(nfeatures=6000, contrastThreshold =0.06, edgeThreshold=6)"
2,Industrial_Estate,75.9493670886076,ROOTSIFT,3.2151898734177213,0.0423333333333333,0.9576666666666666,0.0423333333333333,A,"ROOTSIFT(nfeatures=6000, contrastThreshold =0.06, edgeThreshold=6)"
3,Industrial_Estate,75.9620253164557,ROOTSIFT,1.5949367088607596,0.0209965005832361,0.979003499416764,0.0209965005832361,A,"ROOTSIFT(nfeatures=6000, contrastThreshold =0.06, edgeThreshold=6)"
4,Industrial_Estate,75.9493670886076,ROOTSIFT,0.6455696202531646,0.0084999999999999,0.9915,0.0085,A,"ROOTSIFT(nfeatures=6000, contrastThreshold =0.06, edgeThreshold=6)"
5,Industrial_Estate,75.9493670886076,ROOTSIFT,1.5443037974683544,0.0203333333333333,0.9796666666666666,0.0203333333333333,A,"ROOTSIFT(nfeatures=6000, contrastThreshold =0.06, edgeThreshold=6)"
6,Industrial_Estate,75.9493670886076,ROOTSIFT,0.2911392405063291,0.0038333333333333,0.9961666666666668,0.0038333333333332,A,"ROOTSIFT(nfeatures=6000, contrastThreshold =0.06, edgeThreshold=6)"
7,Industrial_Estate,75.9493670886076,ROOTSIFT,0.6835443037974683,0.009,0.991,0.0089999999999999,A,"ROOTSIFT(nfeatures=6000, contrastThreshold =0.06, edgeThreshold=6)"
8,Industrial_Estate,75.9493670886076,ROOTSIFT,0.6962025316455697,0.0091666666666666,0.9908333333333332,0.0091666666666666,A,"ROOTSIFT(nfeatures=6000, contrastThreshold =0.06, edgeThreshold=6)"
9,Industrial_Estate,75.9493670886076,ROOTSIFT,0.6962025316455697,0.0091666666666666,0.9908333333333332,0.0091666666666666,A,"ROOTSIFT(nfeatures=6000, contrastThreshold =0.06, edgeThreshold=6)"
10,Industrial_Estate,75.9493670886076,ROOTSIFT,0.379746835443038,0.005,0.995,0.005,A,"ROOTSIFT(nfeatures=6000, contrastThreshold =0.06, edgeThreshold=6)"
11,Industrial_Estate,75.9493670886076,ROOTSIFT,3.430379746835443,0.0451666666666666,0.9548333333333332,0.0451666666666666,A,"ROOTSIFT(nfeatures=6000, contrastThreshold =0.06, edgeThreshold=6)"
12,Industrial_Estate,75.9493670886076,ROOTSIFT,4.341772151898734,0.0571666666666666,0.9428333333333332,0.0571666666666666,A,"ROOTSIFT(nfeatures=6000, contrastThreshold =0.06, edgeThreshold=6)"
13,Industrial_Estate,75.9493670886076,ROOTSIFT,1.2911392405063291,0.0169999999999999,0.983,0.0169999999999999,A,"ROOTSIFT(nfeatures=6000, contrastThreshold =0.06, edgeThreshold=6)"
14,Industrial_Estate,75.9493670886076,ROOTSIFT,0.9240506329113924,0.0121666666666666,0.9878333333333332,0.0121666666666666,A,"ROOTSIFT(nfeatures=6000, contrastThreshold =0.06, edgeThreshold=6)"
15,Industrial_Estate,75.9493670886076,ROOTSIFT,0.9746835443037974,0.0128333333333333,0.9871666666666666,0.0128333333333333,A,"ROOTSIFT(nfeatures=6000, contrastThreshold =0.06, edgeThreshold=6)"
16,Industrial_Estate,75.9493670886076,ROOTSIFT,1.9873417721518989,0.0261666666666666,0.9738333333333334,0.0261666666666666,A,"ROOTSIFT(nfeatures=6000, contrastThreshold =0.06, edgeThreshold=6)"
17,Industrial_Estate,75.9493670886076,ROOTSIFT,1.9493670886075949,0.0256666666666666,0.9743333333333332,0.0256666666666666,A,"ROOTSIFT(nfeatures=6000, contrastThreshold =0.06, edgeThreshold=6)"
18,Industrial_Estate,75.9493670886076,ROOTSIFT,0.7468354430379747,0.0098333333333333,0.9901666666666666,0.0098333333333333,A,"ROOTSIFT(nfeatures=6000, contrastThreshold =0.06, edgeThreshold=6)"
19,Industrial_Estate,75.9493670886076,ROOTSIFT,0.8734177215189873,0.0114999999999999,0.9885,0.0115,A,"ROOTSIFT(nfeatures=6000, contrastThreshold =0.06, edgeThreshold=6)"
20,Industrial_Estate,75.9493670886076,ROOTSIFT,0.759493670886076,0.01,0.99,0.01,A,"ROOTSIFT(nfeatures=6000, contrastThreshold =0.06, edgeThreshold=6)"
21,Industrial_Estate,75.9493670886076,ROOTSIFT,0.8987341772151899,0.0118333333333333,0.9881666666666666,0.0118333333333333,A,"ROOTSIFT(nfeatures=6000, contrastThreshold =0.06, edgeThreshold=6)"
22,Industrial_Estate,75.9493670886076,ROOTSIFT,4.417721518987341,0.0581666666666666,0.9418333333333334,0.0581666666666666,A,"ROOTSIFT(nfeatures=6000, contrastThreshold =0.06, edgeThreshold=6)"
23,Industrial_Estate,75.9493670886076,ROOTSIFT,0.6962025316455697,0.0091666666666666,0.9908333333333332,0.0091666666666666,A,"ROOTSIFT(nfeatures=6000, contrastThreshold =0.06, edgeThreshold=6)"
24,Industrial_Estate,75.9493670886076,ROOTSIFT,3.4050632911392404,0.0448333333333333,0.9551666666666666,0.0448333333333333,A,"ROOTSIFT(nfeatures=6000, contrastThreshold =0.06, edgeThreshold=6)"
25,Industrial_Estate,75.9493670886076,ROOTSIFT,2.392405063291139,0.0314999999999999,0.9685,0.0314999999999999,A,"ROOTSIFT(nfeatures=6000, contrastThreshold =0.06, edgeThreshold=6)"
26,Industrial_Estate,75.9493670886076,ROOTSIFT,2.3417721518987342,0.0308333333333333,0.9691666666666666,0.0308333333333333,A,"ROOTSIFT(nfeatures=6000, contrastThreshold =0.06, edgeThreshold=6)"
27,Industrial_Estate,75.9493670886076,ROOTSIFT,1.6708860759493671,0.022,0.978,0.022,A,"ROOTSIFT(nfeatures=6000, contrastThreshold =0.06, edgeThreshold=6)"
28,Industrial_Estate,75.9620253164557,ROOTSIFT,4.1645569620253164,0.0548241959673387,0.9451758040326612,0.0548241959673387,A,"ROOTSIFT(nfeatures=6000, contrastThreshold =0.06, edgeThreshold=6)"
29,Industrial_Estate,75.9493670886076,ROOTSIFT,1.0253164556962024,0.0134999999999999,0.9865,0.0134999999999999,A,"ROOTSIFT(nfeatures=6000, contrastThreshold =0.06, edgeThreshold=6)"
30,Industrial_Estate,75.9493670886076,ROOTSIFT,2.354430379746836,0.031,0.969,0.0309999999999999,A,"ROOTSIFT(nfeatures=6000, contrastThreshold =0.06, edgeThreshold=6)"
31,Industrial_Estate,75.9493670886076,ROOTSIFT,11.78481012658228,0.1551666666666666,0.8448333333333334,0.1551666666666666,A,"ROOTSIFT(nfeatures=6000, contrastThreshold =0.06, edgeThreshold=6)"
32,Industrial_Estate,75.9493670886076,ROOTSIFT,0.8354430379746836,0.011,0.989,0.011,A,"ROOTSIFT(nfeatures=6000, contrastThreshold =0.06, edgeThreshold=6)"
33,Industrial_Estate,75.9493670886076,ROOTSIFT,3.886075949367088,0.0511666666666666,0.9488333333333334,0.0511666666666666,A,"ROOTSIFT(nfeatures=6000, contrastThreshold =0.06, edgeThreshold=6)"
34,Industrial_Estate,75.9493670886076,ROOTSIFT,3.4050632911392404,0.0448333333333333,0.9551666666666666,0.0448333333333333,A,"ROOTSIFT(nfeatures=6000, contrastThreshold =0.06, edgeThreshold=6)"
35,Industrial_Estate,75.9493670886076,ROOTSIFT,3.0632911392405062,0.0403333333333333,0.9596666666666668,0.0403333333333333,A,"ROOTSIFT(nfeatures=6000, contrastThreshold =0.06, edgeThreshold=6)"
36,Industrial_Estate,75.9493670886076,ROOTSIFT,3.949367088607595,0.052,0.948,0.052,A,"ROOTSIFT(nfeatures=6000, contrastThreshold =0.06, edgeThreshold=6)"
37,Industrial_Estate,75.9493670886076,ROOTSIFT,4.1645569620253164,0.0548333333333333,0.9451666666666668,0.0548333333333333,A,"ROOTSIFT(nfeatures=6000, contrastThreshold =0.06, edgeThreshold=6)"
38,Industrial_Estate,75.9493670886076,ROOTSIFT,4.253164556962025,0.0559999999999999,0.944,0.0559999999999999,A,"ROOTSIFT(nfeatures=6000, contrastThreshold =0.06, edgeThreshold=6)"
39,Industrial_Estate,75.9493670886076,ROOTSIFT,3.037974683544304,0.04,0.96,0.04,A,"ROOTSIFT(nfeatures=6000, contrastThreshold =0.06, edgeThreshold=6)"
40,Industrial_Estate,75.9493670886076,ROOTSIFT,0.7848101265822784,0.0103333333333333,0.9896666666666668,0.0103333333333332,A,"ROOTSIFT(nfeatures=6000, contrastThreshold =0.06, edgeThreshold=6)"
41,Industrial_Estate,75.9493670886076,ROOTSIFT,0.2531645569620253,0.0033333333333333,0.9966666666666668,0.0033333333333333,A,"ROOTSIFT(nfeatures=6000, contrastThreshold =0.06, edgeThreshold=6)"
42,Industrial_Estate,75.9493670886076,ROOTSIFT,0.1139240506329113,0.0014999999999999,0.9985,0.0015,A,"ROOTSIFT(nfeatures=6000, contrastThreshold =0.06, edgeThreshold=6)"
43,Industrial_Estate,75.9493670886076,ROOTSIFT,3.8227848101265822,0.0503333333333333,0.9496666666666668,0.0503333333333332,A,"ROOTSIFT(nfeatures=6000, contrastThreshold =0.06, edgeThreshold=6)"
44,Industrial_Estate,75.9493670886076,ROOTSIFT,4.987341772151899,0.0656666666666666,0.9343333333333336,0.0656666666666666,A,"ROOTSIFT(nfeatures=6000, contrastThreshold =0.06, edgeThreshold=6)"
45,Industrial_Estate,75.9493670886076,ROOTSIFT,0.4936708860759494,0.0065,0.9935,0.0064999999999999,A,"ROOTSIFT(nfeatures=6000, contrastThreshold =0.06, edgeThreshold=6)"
46,Industrial_Estate,75.9493670886076,ROOTSIFT,2.962025316455696,0.0389999999999999,0.961,0.0389999999999999,A,"ROOTSIFT(nfeatures=6000, contrastThreshold =0.06, edgeThreshold=6)"
47,Industrial_Estate,75.9493670886076,ROOTSIFT,1.9873417721518989,0.0261666666666666,0.9738333333333334,0.0261666666666666,A,"ROOTSIFT(nfeatures=6000, contrastThreshold =0.06, edgeThreshold=6)"
48,Industrial_Estate,75.9493670886076,ROOTSIFT,4.0,0.0526666666666666,0.9473333333333334,0.0526666666666666,A,"ROOTSIFT(nfeatures=6000, contrastThreshold =0.06, edgeThreshold=6)"
49,Industrial_Estate,75.9493670886076,ROOTSIFT,2.9873417721518987,0.0393333333333333,0.9606666666666668,0.0393333333333332,A,"ROOTSIFT(nfeatures=6000, contrastThreshold =0.06, edgeThreshold=6)"
50,Industrial_Estate,75.9493670886076,ROOTSIFT,0.1645569620253164,0.0021666666666666,0.9978333333333332,0.0021666666666666,A,"ROOTSIFT(nfeatures=6000, contrastThreshold =0.06, edgeThreshold=6)"
51,Industrial_Estate,75.9746835443038,ROOTSIFT,3.873417721518988,0.0509830056647784,0.9490169943352216,0.0509830056647784,A,"ROOTSIFT(nfeatures=6000, contrastThreshold =0.06, edgeThreshold=6)"
52,Industrial_Estate,75.9746835443038,ROOTSIFT,0.2784810126582278,0.003665444851716,0.9963345551482838,0.0036654448517161,A,"ROOTSIFT(nfeatures=6000, contrastThreshold =0.06, edgeThreshold=6)"
53,Industrial_Estate,75.9493670886076,ROOTSIFT,0.810126582278481,0.0106666666666666,0.9893333333333332,0.0106666666666666,A,"ROOTSIFT(nfeatures=6000, contrastThreshold =0.06, edgeThreshold=6)"
54,Industrial_Estate,75.9493670886076,ROOTSIFT,1.0886075949367089,0.0143333333333333,0.9856666666666668,0.0143333333333333,A,"ROOTSIFT(nfeatures=6000, contrastThreshold =0.06, edgeThreshold=6)"
55,Industrial_Estate,75.9493670886076,ROOTSIFT,0.4556962025316455,0.0059999999999999,0.994,0.0059999999999999,A,"ROOTSIFT(nfeatures=6000, contrastThreshold =0.06, edgeThreshold=6)"
56,Industrial_Estate,75.9493670886076,ROOTSIFT,6.227848101265823,0.082,0.918,0.0819999999999999,A,"ROOTSIFT(nfeatures=6000, contrastThreshold =0.06, edgeThreshold=6)"
57,Industrial_Estate,75.9620253164557,ROOTSIFT,4.772151898734177,0.0628228628561906,0.9371771371438092,0.0628228628561906,A,"ROOTSIFT(nfeatures=6000, contrastThreshold =0.06, edgeThreshold=6)"
58,Industrial_Estate,75.9493670886076,ROOTSIFT,5.063291139240507,0.0666666666666666,0.9333333333333332,0.0666666666666666,A,"ROOTSIFT(nfeatures=6000, contrastThreshold =0.06, edgeThreshold=6)"
59,Industrial_Estate,75.9493670886076,ROOTSIFT,8.60759493670886,0.1133333333333333,0.8866666666666666,0.1133333333333333,A,"ROOTSIFT(nfeatures=6000, contrastThreshold =0.06, edgeThreshold=6)"
60,Industrial_Estate,75.9620253164557,ROOTSIFT,1.3544303797468351,0.0178303616063989,0.9821696383936012,0.0178303616063988,A,"ROOTSIFT(nfeatures=6000, contrastThreshold =0.06, edgeThreshold=6)"
61,Industrial_Estate,75.9493670886076,ROOTSIFT,1.2025316455696202,0.0158333333333333,0.9841666666666666,0.0158333333333333,A,"ROOTSIFT(nfeatures=6000, contrastThreshold =0.06, edgeThreshold=6)"
62,Industrial_Estate,75.9493670886076,ROOTSIFT,0.3670886075949367,0.0048333333333333,0.9951666666666666,0.0048333333333333,A,"ROOTSIFT(nfeatures=6000, contrastThreshold =0.06, edgeThreshold=6)"
63,Industrial_Estate,75.9493670886076,ROOTSIFT,0.620253164556962,0.0081666666666666,0.9918333333333336,0.0081666666666666,A,"ROOTSIFT(nfeatures=6000, contrastThreshold =0.06, edgeThreshold=6)"
64,Industrial_Estate,75.9493670886076,ROOTSIFT,1.0,0.0131666666666666,0.9868333333333332,0.0131666666666666,A,"ROOTSIFT(nfeatures=6000, contrastThreshold =0.06, edgeThreshold=6)"
65,Industrial_Estate,75.9493670886076,ROOTSIFT,1.3924050632911391,0.0183333333333333,0.9816666666666668,0.0183333333333333,A,"ROOTSIFT(nfeatures=6000, contrastThreshold =0.06, edgeThreshold=6)"
66,Industrial_Estate,75.9493670886076,ROOTSIFT,0.7215189873417721,0.0094999999999999,0.9905,0.0094999999999999,A,"ROOTSIFT(nfeatures=6000, contrastThreshold =0.06, edgeThreshold=6)"
67,Industrial_Estate,75.9746835443038,ROOTSIFT,0.9367088607594936,0.0123292235921359,0.987670776407864,0.0123292235921359,A,"ROOTSIFT(nfeatures=6000, contrastThreshold =0.06, edgeThreshold=6)"
68,Industrial_Estate,75.9493670886076,ROOTSIFT,3.4683544303797467,0.0456666666666666,0.9543333333333334,0.0456666666666666,A,"ROOTSIFT(nfeatures=6000, contrastThreshold =0.06, edgeThreshold=6)"
69,Industrial_Estate,75.9620253164557,ROOTSIFT,2.354430379746836,0.0309948341943009,0.9690051658056992,0.0309948341943009,A,"ROOTSIFT(nfeatures=6000, contrastThreshold =0.06, edgeThreshold=6)"
70,Industrial_Estate,75.9493670886076,ROOTSIFT,0.0759493670886076,0.001,0.999,0.001,A,"ROOTSIFT(nfeatures=6000, contrastThreshold =0.06, edgeThreshold=6)"
71,Industrial_Estate,75.9493670886076,ROOTSIFT,6.075949367088608,0.08,0.92,0.08,A,"ROOTSIFT(nfeatures=6000, contrastThreshold =0.06, edgeThreshold=6)"
72,Industrial_Estate,75.9493670886076,ROOTSIFT,2.9873417721518987,0.0393333333333333,0.9606666666666668,0.0393333333333332,A,"ROOTSIFT(nfeatures=6000, contrastThreshold =0.06, edgeThreshold=6)"
73,Industrial_Estate,75.9493670886076,ROOTSIFT,2.0126582278481013,0.0265,0.9735,0.0265,A,"ROOTSIFT(nfeatures=6000, contrastThreshold =0.06, edgeThreshold=6)"
74,Industrial_Estate,75.9493670886076,ROOTSIFT,1.620253164556962,0.0213333333333333,0.9786666666666668,0.0213333333333332,A,"ROOTSIFT(nfeatures=6000, contrastThreshold =0.06, edgeThreshold=6)"
75,Industrial_Estate,75.9493670886076,ROOTSIFT,5.215189873417722,0.0686666666666666,0.9313333333333332,0.0686666666666667,A,"ROOTSIFT(nfeatures=6000, contrastThreshold =0.06, edgeThreshold=6)"
76,Industrial_Estate,75.9493670886076,ROOTSIFT,1.962025316455696,0.0258333333333333,0.9741666666666668,0.0258333333333332,A,"ROOTSIFT(nfeatures=6000, contrastThreshold =0.06, edgeThreshold=6)"
77,Industrial_Estate,75.9620253164557,ROOTSIFT,4.417721518987341,0.0581569738376937,0.9418430261623064,0.0581569738376936,A,"ROOTSIFT(nfeatures=6000, contrastThreshold =0.06, edgeThreshold=6)"
78,Industrial_Estate,75.9493670886076,ROOTSIFT,4.075949367088608,0.0536666666666666,0.9463333333333332,0.0536666666666667,A,"ROOTSIFT(nfeatures=6000, contrastThreshold =0.06, edgeThreshold=6)"
79,Industrial_Estate,75.9493670886076,ROOTSIFT,0.2531645569620253,0.0033333333333333,0.9966666666666668,0.0033333333333333,B,"ENHANCEROOTSIFT(nfeatures=6000, contrastThreshold =0.06, edgeThreshold=6)"
80,Industrial_Estate,75.9620253164557,ROOTSIFT,0.4810126582278481,0.0063322779536743,0.9936677220463256,0.0063322779536744,B,"ENHANCEROOTSIFT(nfeatures=6000, contrastThreshold =0.06, edgeThreshold=6)"
81,Industrial_Estate,75.9493670886076,ROOTSIFT,3.367088607594937,0.0443333333333333,0.9556666666666668,0.0443333333333333,B,"ENHANCEROOTSIFT(nfeatures=6000, contrastThreshold =0.06, edgeThreshold=6)"
82,Industrial_Estate,75.9620253164557,ROOTSIFT,1.5443037974683544,0.0203299450091651,0.9796700549908348,0.0203299450091651,B,"ENHANCEROOTSIFT(nfeatures=6000, contrastThreshold =0.06, edgeThreshold=6)"
83,Industrial_Estate,75.9493670886076,ROOTSIFT,0.3164556962025316,0.0041666666666666,0.9958333333333332,0.0041666666666667,B,"ENHANCEROOTSIFT(nfeatures=6000, contrastThreshold =0.06, edgeThreshold=6)"
84,Industrial_Estate,75.9493670886076,ROOTSIFT,1.9367088607594936,0.0255,0.9745,0.0254999999999999,B,"ENHANCEROOTSIFT(nfeatures=6000, contrastThreshold =0.06, edgeThreshold=6)"
85,Industrial_Estate,75.9493670886076,ROOTSIFT,0.6329113924050633,0.0083333333333333,0.9916666666666668,0.0083333333333333,B,"ENHANCEROOTSIFT(nfeatures=6000, contrastThreshold =0.06, edgeThreshold=6)"
86,Industrial_Estate,75.9493670886076,ROOTSIFT,0.3291139240506329,0.0043333333333333,0.9956666666666668,0.0043333333333333,B,"ENHANCEROOTSIFT(nfeatures=6000, contrastThreshold =0.06, edgeThreshold=6)"
87,Industrial_Estate,75.9493670886076,ROOTSIFT,0.5189873417721519,0.0068333333333333,0.9931666666666668,0.0068333333333332,B,"ENHANCEROOTSIFT(nfeatures=6000, contrastThreshold =0.06, edgeThreshold=6)"
88,Industrial_Estate,75.9493670886076,ROOTSIFT,0.5822784810126582,0.0076666666666666,0.9923333333333332,0.0076666666666666,B,"ENHANCEROOTSIFT(nfeatures=6000, contrastThreshold =0.06, edgeThreshold=6)"
89,Industrial_Estate,75.9493670886076,ROOTSIFT,0.379746835443038,0.005,0.995,0.005,B,"ENHANCEROOTSIFT(nfeatures=6000, contrastThreshold =0.06, edgeThreshold=6)"
90,Industrial_Estate,75.9493670886076,ROOTSIFT,3.607594936708861,0.0475,0.9525,0.0475,B,"ENHANCEROOTSIFT(nfeatures=6000, contrastThreshold =0.06, edgeThreshold=6)"
91,Industrial_Estate,75.9493670886076,ROOTSIFT,4.455696202531645,0.0586666666666666,0.9413333333333334,0.0586666666666666,B,"ENHANCEROOTSIFT(nfeatures=6000, contrastThreshold =0.06, edgeThreshold=6)"
92,Industrial_Estate,75.9493670886076,ROOTSIFT,1.2531645569620251,0.0164999999999999,0.9835,0.0164999999999999,B,"ENHANCEROOTSIFT(nfeatures=6000, contrastThreshold =0.06, edgeThreshold=6)"
93,Industrial_Estate,75.9493670886076,ROOTSIFT,1.1518987341772151,0.0151666666666666,0.9848333333333334,0.0151666666666666,B,"ENHANCEROOTSIFT(nfeatures=6000, contrastThreshold =0.06, edgeThreshold=6)"
94,Industrial_Estate,75.9493670886076,ROOTSIFT,0.7215189873417721,0.0094999999999999,0.9905,0.0094999999999999,B,"ENHANCEROOTSIFT(nfeatures=6000, contrastThreshold =0.06, edgeThreshold=6)"
95,Industrial_Estate,75.9493670886076,ROOTSIFT,2.1012658227848102,0.0276666666666666,0.9723333333333334,0.0276666666666666,B,"ENHANCEROOTSIFT(nfeatures=6000, contrastThreshold =0.06, edgeThreshold=6)"
96,Industrial_Estate,75.9493670886076,ROOTSIFT,2.2531645569620253,0.0296666666666666,0.9703333333333334,0.0296666666666666,B,"ENHANCEROOTSIFT(nfeatures=6000, contrastThreshold =0.06, edgeThreshold=6)"
97,Industrial_Estate,75.9493670886076,ROOTSIFT,1.1772151898734178,0.0155,0.9845,0.0155,B,"ENHANCEROOTSIFT(nfeatures=6000, contrastThreshold =0.06, edgeThreshold=6)"
98,Industrial_Estate,75.9493670886076,ROOTSIFT,0.5949367088607594,0.0078333333333333,0.9921666666666666,0.0078333333333333,B,"ENHANCEROOTSIFT(nfeatures=6000, contrastThreshold =0.06, edgeThreshold=6)"
99,Industrial_Estate,75.9493670886076,ROOTSIFT,0.6835443037974683,0.009,0.991,0.0089999999999999,B,"ENHANCEROOTSIFT(nfeatures=6000, contrastThreshold =0.06, edgeThreshold=6)"
100,Industrial_Estate,75.9493670886076,ROOTSIFT,0.8227848101265823,0.0108333333333333,0.9891666666666667,0.0108333333333332,B,"ENHANCEROOTSIFT(nfeatures=6000, contrastThreshold =0.06, edgeThreshold=6)"
101,Industrial_Estate,75.9493670886076,ROOTSIFT,3.974683544303797,0.0523333333333333,0.9476666666666668,0.0523333333333333,B,"ENHANCEROOTSIFT(nfeatures=6000, contrastThreshold =0.06, edgeThreshold=6)"
102,Industrial_Estate,75.9493670886076,ROOTSIFT,0.9493670886075948,0.0124999999999999,0.9875,0.0125,B,"ENHANCEROOTSIFT(nfeatures=6000, contrastThreshold =0.06, edgeThreshold=6)"
103,Industrial_Estate,75.9493670886076,ROOTSIFT,3.848101265822785,0.0506666666666666,0.9493333333333333,0.0506666666666667,B,"ENHANCEROOTSIFT(nfeatures=6000, contrastThreshold =0.06, edgeThreshold=6)"
104,Industrial_Estate,75.9493670886076,ROOTSIFT,2.59493670886076,0.0341666666666666,0.9658333333333332,0.0341666666666666,B,"ENHANCEROOTSIFT(nfeatures=6000, contrastThreshold =0.06, edgeThreshold=6)"
105,Industrial_Estate,75.9493670886076,ROOTSIFT,2.2025316455696204,0.029,0.971,0.029,B,"ENHANCEROOTSIFT(nfeatures=6000, contrastThreshold =0.06, edgeThreshold=6)"
106,Industrial_Estate,75.9493670886076,ROOTSIFT,1.7088607594936709,0.0225,0.9775,0.0225,B,"ENHANCEROOTSIFT(nfeatures=6000, contrastThreshold =0.06, edgeThreshold=6)"
107,Industrial_Estate,75.9620253164557,ROOTSIFT,4.772151898734177,0.0628228628561906,0.9371771371438092,0.0628228628561906,B,"ENHANCEROOTSIFT(nfeatures=6000, contrastThreshold =0.06, edgeThreshold=6)"
108,Industrial_Estate,75.9493670886076,ROOTSIFT,1.139240506329114,0.015,0.985,0.015,B,"ENHANCEROOTSIFT(nfeatures=6000, contrastThreshold =0.06, edgeThreshold=6)"
109,Industrial_Estate,75.9493670886076,ROOTSIFT,2.5063291139240507,0.0329999999999999,0.967,0.033,B,"ENHANCEROOTSIFT(nfeatures=6000, contrastThreshold =0.06, edgeThreshold=6)"
110,Industrial_Estate,75.9493670886076,ROOTSIFT,10.582278481012658,0.1393333333333333,0.8606666666666668,0.1393333333333332,B,"ENHANCEROOTSIFT(nfeatures=6000, contrastThreshold =0.06, edgeThreshold=6)"
111,Industrial_Estate,75.9493670886076,ROOTSIFT,0.620253164556962,0.0081666666666666,0.9918333333333336,0.0081666666666666,B,"ENHANCEROOTSIFT(nfeatures=6000, contrastThreshold =0.06, edgeThreshold=6)"
112,Industrial_Estate,75.9493670886076,ROOTSIFT,3.632911392405063,0.0478333333333333,0.9521666666666668,0.0478333333333333,B,"ENHANCEROOTSIFT(nfeatures=6000, contrastThreshold =0.06, edgeThreshold=6)"
113,Industrial_Estate,75.9493670886076,ROOTSIFT,3.2025316455696204,0.0421666666666666,0.9578333333333332,0.0421666666666666,B,"ENHANCEROOTSIFT(nfeatures=6000, contrastThreshold =0.06, edgeThreshold=6)"
114,Industrial_Estate,75.9493670886076,ROOTSIFT,3.0632911392405062,0.0403333333333333,0.9596666666666668,0.0403333333333333,B,"ENHANCEROOTSIFT(nfeatures=6000, contrastThreshold =0.06, edgeThreshold=6)"
115,Industrial_Estate,75.9493670886076,ROOTSIFT,4.1265822784810124,0.0543333333333333,0.9456666666666668,0.0543333333333333,B,"ENHANCEROOTSIFT(nfeatures=6000, contrastThreshold =0.06, edgeThreshold=6)"
116,Industrial_Estate,75.9493670886076,ROOTSIFT,3.924050632911392,0.0516666666666666,0.9483333333333334,0.0516666666666666,B,"ENHANCEROOTSIFT(nfeatures=6000, contrastThreshold =0.06, edgeThreshold=6)"
117,Industrial_Estate,75.9493670886076,ROOTSIFT,4.329113924050633,0.0569999999999999,0.943,0.0569999999999999,B,"ENHANCEROOTSIFT(nfeatures=6000, contrastThreshold =0.06, edgeThreshold=6)"
118,Industrial_Estate,75.9493670886076,ROOTSIFT,3.050632911392405,0.0401666666666666,0.9598333333333334,0.0401666666666666,B,"ENHANCEROOTSIFT(nfeatures=6000, contrastThreshold =0.06, edgeThreshold=6)"
119,Industrial_Estate,75.9493670886076,ROOTSIFT,1.3670886075949369,0.018,0.982,0.018,B,"ENHANCEROOTSIFT(nfeatures=6000, contrastThreshold =0.06, edgeThreshold=6)"
120,Industrial_Estate,75.9493670886076,ROOTSIFT,0.2911392405063291,0.0038333333333333,0.9961666666666668,0.0038333333333332,B,"ENHANCEROOTSIFT(nfeatures=6000, contrastThreshold =0.06, edgeThreshold=6)"
121,Industrial_Estate,75.9493670886076,ROOTSIFT,0.1012658227848101,0.0013333333333333,0.9986666666666668,0.0013333333333333,B,"ENHANCEROOTSIFT(nfeatures=6000, contrastThreshold =0.06, edgeThreshold=6)"
122,Industrial_Estate,75.9493670886076,ROOTSIFT,3.911392405063291,0.0515,0.9485,0.0515,B,"ENHANCEROOTSIFT(nfeatures=6000, contrastThreshold =0.06, edgeThreshold=6)"
123,Industrial_Estate,75.9493670886076,ROOTSIFT,4.860759493670886,0.064,0.936,0.0639999999999999,B,"ENHANCEROOTSIFT(nfeatures=6000, contrastThreshold =0.06, edgeThreshold=6)"
124,Industrial_Estate,75.9493670886076,ROOTSIFT,0.4683544303797468,0.0061666666666666,0.9938333333333332,0.0061666666666666,B,"ENHANCEROOTSIFT(nfeatures=6000, contrastThreshold =0.06, edgeThreshold=6)"
125,Industrial_Estate,75.9493670886076,ROOTSIFT,2.848101265822785,0.0375,0.9625,0.0375,B,"ENHANCEROOTSIFT(nfeatures=6000, contrastThreshold =0.06, edgeThreshold=6)"
126,Industrial_Estate,75.9493670886076,ROOTSIFT,1.8987341772151896,0.0249999999999999,0.975,0.025,B,"ENHANCEROOTSIFT(nfeatures=6000, contrastThreshold =0.06, edgeThreshold=6)"
127,Industrial_Estate,75.9493670886076,ROOTSIFT,4.075949367088608,0.0536666666666666,0.9463333333333332,0.0536666666666667,B,"ENHANCEROOTSIFT(nfeatures=6000, contrastThreshold =0.06, edgeThreshold=6)"
128,Industrial_Estate,75.9493670886076,ROOTSIFT,3.2151898734177213,0.0423333333333333,0.9576666666666666,0.0423333333333333,B,"ENHANCEROOTSIFT(nfeatures=6000, contrastThreshold =0.06, edgeThreshold=6)"
129,Industrial_Estate,75.9493670886076,ROOTSIFT,0.2151898734177215,0.0028333333333333,0.9971666666666664,0.0028333333333333,B,"ENHANCEROOTSIFT(nfeatures=6000, contrastThreshold =0.06, edgeThreshold=6)"
130,Industrial_Estate,75.9746835443038,ROOTSIFT,4.0,0.0526491169610129,0.947350883038987,0.052649116961013,B,"ENHANCEROOTSIFT(nfeatures=6000, contrastThreshold =0.06, edgeThreshold=6)"
131,Industrial_Estate,75.9746835443038,ROOTSIFT,0.3924050632911392,0.0051649450183272,0.9948350549816728,0.0051649450183272,B,"ENHANCEROOTSIFT(nfeatures=6000, contrastThreshold =0.06, edgeThreshold=6)"
132,Industrial_Estate,75.9493670886076,ROOTSIFT,0.7974683544303798,0.0104999999999999,0.9895,0.0104999999999999,B,"ENHANCEROOTSIFT(nfeatures=6000, contrastThreshold =0.06, edgeThreshold=6)"
133,Industrial_Estate,75.9493670886076,ROOTSIFT,0.759493670886076,0.01,0.99,0.01,B,"ENHANCEROOTSIFT(nfeatures=6000, contrastThreshold =0.06, edgeThreshold=6)"
134,Industrial_Estate,75.9493670886076,ROOTSIFT,0.379746835443038,0.005,0.995,0.005,B,"ENHANCEROOTSIFT(nfeatures=6000, contrastThreshold =0.06, edgeThreshold=6)"
135,Industrial_Estate,75.9493670886076,ROOTSIFT,6.253164556962025,0.0823333333333333,0.9176666666666669,0.0823333333333332,B,"ENHANCEROOTSIFT(nfeatures=6000, contrastThreshold =0.06, edgeThreshold=6)"
136,Industrial_Estate,75.9620253164557,ROOTSIFT,4.227848101265823,0.0556573904349275,0.9443426095650724,0.0556573904349274,B,"ENHANCEROOTSIFT(nfeatures=6000, contrastThreshold =0.06, edgeThreshold=6)"
137,Industrial_Estate,75.9493670886076,ROOTSIFT,5.379746835443038,0.0708333333333333,0.9291666666666666,0.0708333333333333,B,"ENHANCEROOTSIFT(nfeatures=6000, contrastThreshold =0.06, edgeThreshold=6)"
138,Industrial_Estate,75.9493670886076,ROOTSIFT,7.848101265822785,0.1033333333333333,0.8966666666666666,0.1033333333333333,B,"ENHANCEROOTSIFT(nfeatures=6000, contrastThreshold =0.06, edgeThreshold=6)"
139,Industrial_Estate,75.9620253164557,ROOTSIFT,1.0126582278481011,0.0133311114814197,0.98666888851858,0.0133311114814198,B,"ENHANCEROOTSIFT(nfeatures=6000, contrastThreshold =0.06, edgeThreshold=6)"
140,Industrial_Estate,75.9493670886076,ROOTSIFT,2.0,0.0263333333333333,0.9736666666666668,0.0263333333333333,B,"ENHANCEROOTSIFT(nfeatures=6000, contrastThreshold =0.06, edgeThreshold=6)"
141,Industrial_Estate,75.9493670886076,ROOTSIFT,0.4556962025316455,0.0059999999999999,0.994,0.0059999999999999,B,"ENHANCEROOTSIFT(nfeatures=6000, contrastThreshold =0.06, edgeThreshold=6)"
142,Industrial_Estate,75.9493670886076,ROOTSIFT,0.6329113924050633,0.0083333333333333,0.9916666666666668,0.0083333333333333,B,"ENHANCEROOTSIFT(nfeatures=6000, contrastThreshold =0.06, edgeThreshold=6)"
143,Industrial_Estate,75.9493670886076,ROOTSIFT,1.379746835443038,0.0181666666666666,0.9818333333333332,0.0181666666666667,B,"ENHANCEROOTSIFT(nfeatures=6000, contrastThreshold =0.06, edgeThreshold=6)"
144,Industrial_Estate,75.9493670886076,ROOTSIFT,1.2658227848101269,0.0166666666666666,0.9833333333333334,0.0166666666666666,B,"ENHANCEROOTSIFT(nfeatures=6000, contrastThreshold =0.06, edgeThreshold=6)"
145,Industrial_Estate,75.9493670886076,ROOTSIFT,0.5189873417721519,0.0068333333333333,0.9931666666666668,0.0068333333333332,B,"ENHANCEROOTSIFT(nfeatures=6000, contrastThreshold =0.06, edgeThreshold=6)"
146,Industrial_Estate,75.9746835443038,ROOTSIFT,1.1645569620253164,0.0153282239253582,0.9846717760746418,0.0153282239253581,B,"ENHANCEROOTSIFT(nfeatures=6000, contrastThreshold =0.06, edgeThreshold=6)"
147,Industrial_Estate,75.9493670886076,ROOTSIFT,3.329113924050633,0.0438333333333333,0.9561666666666668,0.0438333333333333,B,"ENHANCEROOTSIFT(nfeatures=6000, contrastThreshold =0.06, edgeThreshold=6)"
148,Industrial_Estate,75.9620253164557,ROOTSIFT,2.3417721518987342,0.0308281953007832,0.9691718046992168,0.0308281953007832,B,"ENHANCEROOTSIFT(nfeatures=6000, contrastThreshold =0.06, edgeThreshold=6)"
149,Industrial_Estate,75.9493670886076,ROOTSIFT,0.0886075949367088,0.0011666666666666,0.9988333333333334,0.0011666666666666,B,"ENHANCEROOTSIFT(nfeatures=6000, contrastThreshold =0.06, edgeThreshold=6)"
150,Industrial_Estate,75.9493670886076,ROOTSIFT,5.886075949367089,0.0775,0.9225,0.0774999999999999,B,"ENHANCEROOTSIFT(nfeatures=6000, contrastThreshold =0.06, edgeThreshold=6)"
151,Industrial_Estate,75.9493670886076,ROOTSIFT,2.848101265822785,0.0375,0.9625,0.0375,B,"ENHANCEROOTSIFT(nfeatures=6000, contrastThreshold =0.06, edgeThreshold=6)"
152,Industrial_Estate,75.9493670886076,ROOTSIFT,2.1265822784810124,0.0279999999999999,0.972,0.0279999999999999,B,"ENHANCEROOTSIFT(nfeatures=6000, contrastThreshold =0.06, edgeThreshold=6)"
153,Industrial_Estate,75.9493670886076,ROOTSIFT,1.6962025316455696,0.0223333333333333,0.9776666666666668,0.0223333333333333,B,"ENHANCEROOTSIFT(nfeatures=6000, contrastThreshold =0.06, edgeThreshold=6)"
154,Industrial_Estate,75.9493670886076,ROOTSIFT,5.354430379746836,0.0705,0.9295,0.0704999999999999,B,"ENHANCEROOTSIFT(nfeatures=6000, contrastThreshold =0.06, edgeThreshold=6)"
155,Industrial_Estate,75.9493670886076,ROOTSIFT,2.1645569620253164,0.0284999999999999,0.9715,0.0284999999999999,B,"ENHANCEROOTSIFT(nfeatures=6000, contrastThreshold =0.06, edgeThreshold=6)"
156,Industrial_Estate,75.9620253164557,ROOTSIFT,3.974683544303797,0.0523246125645725,0.9476753874354272,0.0523246125645726,B,"ENHANCEROOTSIFT(nfeatures=6000, contrastThreshold =0.06, edgeThreshold=6)"
157,Industrial_Estate,75.9493670886076,ROOTSIFT,4.278481012658228,0.0563333333333333,0.9436666666666668,0.0563333333333333,B,"ENHANCEROOTSIFT(nfeatures=6000, contrastThreshold =0.06, edgeThreshold=6)"
158,Industrial_Estate,101.26582278481013,ROOTSIFT,0.2278481012658227,0.00225,0.99775,0.0022499999999999,C,"ROOTSIFT(nfeatures=8000, contrastThreshold =0.08, edgeThreshold=8)"
159,Industrial_Estate,101.26582278481013,ROOTSIFT,0.3924050632911392,0.003875,0.996125,0.0038749999999999,C,"ROOTSIFT(nfeatures=8000, contrastThreshold =0.08, edgeThreshold=8)"
160,Industrial_Estate,101.26582278481013,ROOTSIFT,1.5822784810126582,0.015625,0.984375,0.015625,C,"ROOTSIFT(nfeatures=8000, contrastThreshold =0.08, edgeThreshold=8)"
161,Industrial_Estate,101.26582278481013,ROOTSIFT,0.6708860759493671,0.006625,0.993375,0.0066249999999999,C,"ROOTSIFT(nfeatures=8000, contrastThreshold =0.08, edgeThreshold=8)"
162,Industrial_Estate,101.26582278481013,ROOTSIFT,0.8354430379746836,0.00825,0.99175,0.0082499999999999,C,"ROOTSIFT(nfeatures=8000, contrastThreshold =0.08, edgeThreshold=8)"
163,Industrial_Estate,101.26582278481013,ROOTSIFT,1.1012658227848102,0.010875,0.989125,0.0108749999999999,C,"ROOTSIFT(nfeatures=8000, contrastThreshold =0.08, edgeThreshold=8)"
164,Industrial_Estate,101.27848101265825,ROOTSIFT,1.4050632911392404,0.0138732658417697,0.9861267341582302,0.0138732658417698,C,"ROOTSIFT(nfeatures=8000, contrastThreshold =0.08, edgeThreshold=8)"
165,Industrial_Estate,101.26582278481013,ROOTSIFT,0.3417721518987341,0.003375,0.996625,0.003375,C,"ROOTSIFT(nfeatures=8000, contrastThreshold =0.08, edgeThreshold=8)"
166,Industrial_Estate,101.26582278481013,ROOTSIFT,2.4430379746835444,0.024125,0.975875,0.024125,C,"ROOTSIFT(nfeatures=8000, contrastThreshold =0.08, edgeThreshold=8)"
167,Industrial_Estate,101.26582278481013,ROOTSIFT,0.569620253164557,0.005625,0.994375,0.0056249999999999,C,"ROOTSIFT(nfeatures=8000, contrastThreshold =0.08, edgeThreshold=8)"
168,Industrial_Estate,101.26582278481013,ROOTSIFT,0.5316455696202531,0.0052499999999999,0.99475,0.0052499999999999,C,"ROOTSIFT(nfeatures=8000, contrastThreshold =0.08, edgeThreshold=8)"
169,Industrial_Estate,101.26582278481013,ROOTSIFT,1.5569620253164558,0.015375,0.984625,0.0153749999999999,C,"ROOTSIFT(nfeatures=8000, contrastThreshold =0.08, edgeThreshold=8)"
170,Industrial_Estate,101.26582278481013,ROOTSIFT,3.9367088607594938,0.038875,0.961125,0.038875,C,"ROOTSIFT(nfeatures=8000, contrastThreshold =0.08, edgeThreshold=8)"
171,Industrial_Estate,101.26582278481013,ROOTSIFT,1.0506329113924051,0.010375,0.989625,0.0103749999999999,C,"ROOTSIFT(nfeatures=8000, contrastThreshold =0.08, edgeThreshold=8)"
172,Industrial_Estate,101.26582278481013,ROOTSIFT,9.481012658227847,0.093625,0.906375,0.093625,C,"ROOTSIFT(nfeatures=8000, contrastThreshold =0.08, edgeThreshold=8)"
173,Industrial_Estate,101.26582278481013,ROOTSIFT,1.0379746835443038,0.01025,0.98975,0.0102499999999999,C,"ROOTSIFT(nfeatures=8000, contrastThreshold =0.08, edgeThreshold=8)"
174,Industrial_Estate,101.26582278481013,ROOTSIFT,2.088607594936709,0.020625,0.979375,0.020625,C,"ROOTSIFT(nfeatures=8000, contrastThreshold =0.08, edgeThreshold=8)"
175,Industrial_Estate,101.26582278481013,ROOTSIFT,1.0253164556962024,0.0101249999999999,0.989875,0.0101249999999999,C,"ROOTSIFT(nfeatures=8000, contrastThreshold =0.08, edgeThreshold=8)"
176,Industrial_Estate,101.26582278481013,ROOTSIFT,1.7468354430379749,0.01725,0.98275,0.01725,C,"ROOTSIFT(nfeatures=8000, contrastThreshold =0.08, edgeThreshold=8)"
177,Industrial_Estate,101.26582278481013,ROOTSIFT,0.5316455696202531,0.0052499999999999,0.99475,0.0052499999999999,C,"ROOTSIFT(nfeatures=8000, contrastThreshold =0.08, edgeThreshold=8)"
178,Industrial_Estate,101.26582278481013,ROOTSIFT,1.7088607594936709,0.016875,0.983125,0.016875,C,"ROOTSIFT(nfeatures=8000, contrastThreshold =0.08, edgeThreshold=8)"
179,Industrial_Estate,101.27848101265825,ROOTSIFT,0.620253164556962,0.0061242344706911,0.9938757655293088,0.0061242344706911,C,"ROOTSIFT(nfeatures=8000, contrastThreshold =0.08, edgeThreshold=8)"
180,Industrial_Estate,101.26582278481013,ROOTSIFT,3.0126582278481013,0.02975,0.97025,0.02975,C,"ROOTSIFT(nfeatures=8000, contrastThreshold =0.08, edgeThreshold=8)"
181,Industrial_Estate,101.26582278481013,ROOTSIFT,0.4177215189873418,0.004125,0.995875,0.0041249999999999,C,"ROOTSIFT(nfeatures=8000, contrastThreshold =0.08, edgeThreshold=8)"
182,Industrial_Estate,101.26582278481013,ROOTSIFT,0.9240506329113924,0.009125,0.990875,0.0091249999999999,C,"ROOTSIFT(nfeatures=8000, contrastThreshold =0.08, edgeThreshold=8)"
183,Industrial_Estate,101.26582278481013,ROOTSIFT,5.632911392405063,0.055625,0.944375,0.055625,C,"ROOTSIFT(nfeatures=8000, contrastThreshold =0.08, edgeThreshold=8)"
184,Industrial_Estate,101.26582278481013,ROOTSIFT,0.4936708860759494,0.004875,0.995125,0.0048749999999999,C,"ROOTSIFT(nfeatures=8000, contrastThreshold =0.08, edgeThreshold=8)"
185,Industrial_Estate,101.26582278481013,ROOTSIFT,0.5822784810126582,0.00575,0.99425,0.00575,C,"ROOTSIFT(nfeatures=8000, contrastThreshold =0.08, edgeThreshold=8)"
186,Industrial_Estate,101.26582278481013,ROOTSIFT,2.5443037974683542,0.0251249999999999,0.974875,0.025125,C,"ROOTSIFT(nfeatures=8000, contrastThreshold =0.08, edgeThreshold=8)"
187,Industrial_Estate,101.26582278481013,ROOTSIFT,0.5443037974683544,0.005375,0.994625,0.005375,C,"ROOTSIFT(nfeatures=8000, contrastThreshold =0.08, edgeThreshold=8)"
188,Industrial_Estate,101.26582278481013,ROOTSIFT,1.4177215189873418,0.014,0.986,0.0139999999999999,C,"ROOTSIFT(nfeatures=8000, contrastThreshold =0.08, edgeThreshold=8)"
189,Industrial_Estate,101.26582278481013,ROOTSIFT,9.139240506329116,0.09025,0.90975,0.09025,C,"ROOTSIFT(nfeatures=8000, contrastThreshold =0.08, edgeThreshold=8)"
190,Industrial_Estate,101.26582278481013,ROOTSIFT,0.4556962025316455,0.0045,0.9955,0.0044999999999999,C,"ROOTSIFT(nfeatures=8000, contrastThreshold =0.08, edgeThreshold=8)"
191,Industrial_Estate,101.26582278481013,ROOTSIFT,4.443037974683544,0.043875,0.956125,0.043875,C,"ROOTSIFT(nfeatures=8000, contrastThreshold =0.08, edgeThreshold=8)"
192,Industrial_Estate,101.27848101265825,ROOTSIFT,2.329113924050633,0.02299712535933,0.97700287464067,0.02299712535933,C,"ROOTSIFT(nfeatures=8000, contrastThreshold =0.08, edgeThreshold=8)"
193,Industrial_Estate,101.26582278481013,ROOTSIFT,2.240506329113924,0.022125,0.977875,0.022125,C,"ROOTSIFT(nfeatures=8000, contrastThreshold =0.08, edgeThreshold=8)"
194,Industrial_Estate,101.26582278481013,ROOTSIFT,5.468354430379747,0.054,0.946,0.054,C,"ROOTSIFT(nfeatures=8000, contrastThreshold =0.08, edgeThreshold=8)"
195,Industrial_Estate,101.26582278481013,ROOTSIFT,2.5443037974683542,0.0251249999999999,0.974875,0.025125,C,"ROOTSIFT(nfeatures=8000, contrastThreshold =0.08, edgeThreshold=8)"
196,Industrial_Estate,101.26582278481013,ROOTSIFT,2.354430379746836,0.02325,0.97675,0.0232499999999999,C,"ROOTSIFT(nfeatures=8000, contrastThreshold =0.08, edgeThreshold=8)"
197,Industrial_Estate,101.26582278481013,ROOTSIFT,2.9746835443037973,0.029375,0.970625,0.029375,C,"ROOTSIFT(nfeatures=8000, contrastThreshold =0.08, edgeThreshold=8)"
198,Industrial_Estate,101.27848101265825,ROOTSIFT,6.2405063291139244,0.0616172978377702,0.9383827021622296,0.0616172978377702,C,"ROOTSIFT(nfeatures=8000, contrastThreshold =0.08, edgeThreshold=8)"
199,Industrial_Estate,101.26582278481013,ROOTSIFT,0.2151898734177215,0.002125,0.997875,0.002125,C,"ROOTSIFT(nfeatures=8000, contrastThreshold =0.08, edgeThreshold=8)"
200,Industrial_Estate,101.26582278481013,ROOTSIFT,0.0886075949367088,0.000875,0.999125,0.0008749999999999,C,"ROOTSIFT(nfeatures=8000, contrastThreshold =0.08, edgeThreshold=8)"
201,Industrial_Estate,101.26582278481013,ROOTSIFT,2.2531645569620253,0.02225,0.97775,0.02225,C,"ROOTSIFT(nfeatures=8000, contrastThreshold =0.08, edgeThreshold=8)"
202,Industrial_Estate,101.26582278481013,ROOTSIFT,3.683544303797469,0.036375,0.963625,0.036375,C,"ROOTSIFT(nfeatures=8000, contrastThreshold =0.08, edgeThreshold=8)"
203,Industrial_Estate,101.26582278481013,ROOTSIFT,0.0886075949367088,0.000875,0.999125,0.0008749999999999,C,"ROOTSIFT(nfeatures=8000, contrastThreshold =0.08, edgeThreshold=8)"
204,Industrial_Estate,101.26582278481013,ROOTSIFT,1.6708860759493671,0.0165,0.9835,0.0165,C,"ROOTSIFT(nfeatures=8000, contrastThreshold =0.08, edgeThreshold=8)"
205,Industrial_Estate,101.26582278481013,ROOTSIFT,0.8987341772151899,0.008875,0.991125,0.0088749999999999,C,"ROOTSIFT(nfeatures=8000, contrastThreshold =0.08, edgeThreshold=8)"
206,Industrial_Estate,101.26582278481013,ROOTSIFT,1.1139240506329111,0.011,0.989,0.011,C,"ROOTSIFT(nfeatures=8000, contrastThreshold =0.08, edgeThreshold=8)"
207,Industrial_Estate,101.29113924050633,ROOTSIFT,2.59493670886076,0.0256185953511622,0.9743814046488378,0.0256185953511621,C,"ROOTSIFT(nfeatures=8000, contrastThreshold =0.08, edgeThreshold=8)"
208,Industrial_Estate,101.26582278481013,ROOTSIFT,0.2278481012658227,0.00225,0.99775,0.0022499999999999,C,"ROOTSIFT(nfeatures=8000, contrastThreshold =0.08, edgeThreshold=8)"
209,Industrial_Estate,101.26582278481013,ROOTSIFT,2.2151898734177213,0.021875,0.978125,0.021875,C,"ROOTSIFT(nfeatures=8000, contrastThreshold =0.08, edgeThreshold=8)"
210,Industrial_Estate,101.26582278481013,ROOTSIFT,0.3164556962025316,0.003125,0.996875,0.003125,C,"ROOTSIFT(nfeatures=8000, contrastThreshold =0.08, edgeThreshold=8)"
211,Industrial_Estate,101.26582278481013,ROOTSIFT,0.3924050632911392,0.003875,0.996125,0.0038749999999999,C,"ROOTSIFT(nfeatures=8000, contrastThreshold =0.08, edgeThreshold=8)"
212,Industrial_Estate,101.26582278481013,ROOTSIFT,4.468354430379747,0.044125,0.955875,0.0441249999999999,C,"ROOTSIFT(nfeatures=8000, contrastThreshold =0.08, edgeThreshold=8)"
213,Industrial_Estate,101.26582278481013,ROOTSIFT,0.5443037974683544,0.005375,0.994625,0.005375,C,"ROOTSIFT(nfeatures=8000, contrastThreshold =0.08, edgeThreshold=8)"
214,Industrial_Estate,101.27848101265825,ROOTSIFT,3.886075949367088,0.0383702037245344,0.9616297962754656,0.0383702037245344,C,"ROOTSIFT(nfeatures=8000, contrastThreshold =0.08, edgeThreshold=8)"
215,Industrial_Estate,101.26582278481013,ROOTSIFT,2.8860759493670884,0.0284999999999999,0.9715,0.0284999999999999,C,"ROOTSIFT(nfeatures=8000, contrastThreshold =0.08, edgeThreshold=8)"
216,Industrial_Estate,101.26582278481013,ROOTSIFT,2.367088607594937,0.023375,0.976625,0.023375,C,"ROOTSIFT(nfeatures=8000, contrastThreshold =0.08, edgeThreshold=8)"
217,Industrial_Estate,101.26582278481013,ROOTSIFT,9.620253164556962,0.095,0.905,0.095,C,"ROOTSIFT(nfeatures=8000, contrastThreshold =0.08, edgeThreshold=8)"
218,Industrial_Estate,101.26582278481013,ROOTSIFT,0.620253164556962,0.0061249999999999,0.993875,0.0061249999999999,C,"ROOTSIFT(nfeatures=8000, contrastThreshold =0.08, edgeThreshold=8)"
219,Industrial_Estate,101.26582278481013,ROOTSIFT,0.9367088607594936,0.00925,0.99075,0.0092499999999999,C,"ROOTSIFT(nfeatures=8000, contrastThreshold =0.08, edgeThreshold=8)"
220,Industrial_Estate,101.27848101265825,ROOTSIFT,0.5316455696202531,0.0052493438320209,0.994750656167979,0.005249343832021,C,"ROOTSIFT(nfeatures=8000, contrastThreshold =0.08, edgeThreshold=8)"
221,Industrial_Estate,101.26582278481013,ROOTSIFT,0.6582278481012658,0.0065,0.9935,0.0064999999999999,C,"ROOTSIFT(nfeatures=8000, contrastThreshold =0.08, edgeThreshold=8)"
222,Industrial_Estate,101.26582278481013,ROOTSIFT,0.2658227848101265,0.0026249999999999,0.997375,0.0026249999999999,C,"ROOTSIFT(nfeatures=8000, contrastThreshold =0.08, edgeThreshold=8)"
223,Industrial_Estate,101.26582278481013,ROOTSIFT,2.2025316455696204,0.02175,0.97825,0.02175,C,"ROOTSIFT(nfeatures=8000, contrastThreshold =0.08, edgeThreshold=8)"
224,Industrial_Estate,101.26582278481013,ROOTSIFT,0.5822784810126582,0.00575,0.99425,0.00575,C,"ROOTSIFT(nfeatures=8000, contrastThreshold =0.08, edgeThreshold=8)"
225,Industrial_Estate,101.26582278481013,ROOTSIFT,0.5316455696202531,0.0052499999999999,0.99475,0.0052499999999999,C,"ROOTSIFT(nfeatures=8000, contrastThreshold =0.08, edgeThreshold=8)"
226,Industrial_Estate,101.26582278481013,ROOTSIFT,0.8227848101265823,0.008125,0.991875,0.0081249999999999,C,"ROOTSIFT(nfeatures=8000, contrastThreshold =0.08, edgeThreshold=8)"
227,Industrial_Estate,101.27848101265825,ROOTSIFT,0.8481012658227848,0.008373953255843,0.9916260467441568,0.008373953255843,C,"ROOTSIFT(nfeatures=8000, contrastThreshold =0.08, edgeThreshold=8)"
228,Industrial_Estate,101.26582278481013,ROOTSIFT,0.0759493670886076,0.00075,0.99925,0.00075,C,"ROOTSIFT(nfeatures=8000, contrastThreshold =0.08, edgeThreshold=8)"
229,Industrial_Estate,101.26582278481013,ROOTSIFT,1.2278481012658229,0.012125,0.987875,0.0121249999999999,C,"ROOTSIFT(nfeatures=8000, contrastThreshold =0.08, edgeThreshold=8)"
230,Industrial_Estate,101.27848101265825,ROOTSIFT,3.924050632911392,0.038745156855393,0.961254843144607,0.038745156855393,C,"ROOTSIFT(nfeatures=8000, contrastThreshold =0.08, edgeThreshold=8)"
231,Industrial_Estate,101.26582278481013,ROOTSIFT,0.4556962025316455,0.0045,0.9955,0.0044999999999999,C,"ROOTSIFT(nfeatures=8000, contrastThreshold =0.08, edgeThreshold=8)"
232,Industrial_Estate,101.26582278481013,ROOTSIFT,0.5443037974683544,0.005375,0.994625,0.005375,C,"ROOTSIFT(nfeatures=8000, contrastThreshold =0.08, edgeThreshold=8)"
233,Industrial_Estate,101.26582278481013,ROOTSIFT,4.468354430379747,0.044125,0.955875,0.0441249999999999,C,"ROOTSIFT(nfeatures=8000, contrastThreshold =0.08, edgeThreshold=8)"
234,Industrial_Estate,101.26582278481013,ROOTSIFT,0.5063291139240507,0.005,0.995,0.005,C,"ROOTSIFT(nfeatures=8000, contrastThreshold =0.08, edgeThreshold=8)"
235,Industrial_Estate,101.26582278481013,ROOTSIFT,2.5063291139240507,0.02475,0.97525,0.02475,C,"ROOTSIFT(nfeatures=8000, contrastThreshold =0.08, edgeThreshold=8)"
236,Industrial_Estate,101.26582278481013,ROOTSIFT,2.2151898734177213,0.021875,0.978125,0.021875,C,"ROOTSIFT(nfeatures=8000, contrastThreshold =0.08, edgeThreshold=8)"
237,Industrial_Estate,101.26582278481013,ROOTSIFT,0.1392405063291139,0.001375,0.998625,0.001375,D,"ENHANCEROOTSIFT(nfeatures=8000, contrastThreshold =0.08, edgeThreshold=8)"
238,Industrial_Estate,101.26582278481013,ROOTSIFT,1.860759493670886,0.018375,0.981625,0.018375,D,"ENHANCEROOTSIFT(nfeatures=8000, contrastThreshold =0.08, edgeThreshold=8)"
239,Industrial_Estate,101.26582278481013,ROOTSIFT,4.075949367088608,0.04025,0.95975,0.04025,D,"ENHANCEROOTSIFT(nfeatures=8000, contrastThreshold =0.08, edgeThreshold=8)"
240,Industrial_Estate,101.27848101265825,ROOTSIFT,2.0,0.0197475315585551,0.9802524684414448,0.0197475315585551,D,"ENHANCEROOTSIFT(nfeatures=8000, contrastThreshold =0.08, edgeThreshold=8)"
241,Industrial_Estate,101.29113924050633,ROOTSIFT,0.569620253164557,0.0056235941014746,0.9943764058985254,0.0056235941014746,D,"ENHANCEROOTSIFT(nfeatures=8000, contrastThreshold =0.08, edgeThreshold=8)"
242,Industrial_Estate,101.26582278481013,ROOTSIFT,2.962025316455696,0.0292499999999999,0.97075,0.0292499999999999,D,"ENHANCEROOTSIFT(nfeatures=8000, contrastThreshold =0.08, edgeThreshold=8)"
243,Industrial_Estate,101.27848101265825,ROOTSIFT,0.4177215189873418,0.004124484439445,0.995875515560555,0.004124484439445,D,"ENHANCEROOTSIFT(nfeatures=8000, contrastThreshold =0.08, edgeThreshold=8)"
244,Industrial_Estate,101.27848101265825,ROOTSIFT,1.1645569620253164,0.011498562679665,0.988501437320335,0.011498562679665,D,"ENHANCEROOTSIFT(nfeatures=8000, contrastThreshold =0.08, edgeThreshold=8)"
245,Industrial_Estate,101.26582278481013,ROOTSIFT,0.810126582278481,0.008,0.992,0.008,D,"ENHANCEROOTSIFT(nfeatures=8000, contrastThreshold =0.08, edgeThreshold=8)"
246,Industrial_Estate,101.26582278481013,ROOTSIFT,0.6708860759493671,0.006625,0.993375,0.0066249999999999,D,"ENHANCEROOTSIFT(nfeatures=8000, contrastThreshold =0.08, edgeThreshold=8)"
247,Industrial_Estate,101.26582278481013,ROOTSIFT,0.569620253164557,0.005625,0.994375,0.0056249999999999,D,"ENHANCEROOTSIFT(nfeatures=8000, contrastThreshold =0.08, edgeThreshold=8)"
248,Industrial_Estate,101.26582278481013,ROOTSIFT,4.810126582278481,0.0475,0.9525,0.0475,D,"ENHANCEROOTSIFT(nfeatures=8000, contrastThreshold =0.08, edgeThreshold=8)"
249,Industrial_Estate,101.26582278481013,ROOTSIFT,5.759493670886076,0.0568749999999999,0.943125,0.056875,D,"ENHANCEROOTSIFT(nfeatures=8000, contrastThreshold =0.08, edgeThreshold=8)"
250,Industrial_Estate,101.26582278481013,ROOTSIFT,1.3417721518987342,0.01325,0.98675,0.0132499999999999,D,"ENHANCEROOTSIFT(nfeatures=8000, contrastThreshold =0.08, edgeThreshold=8)"
251,Industrial_Estate,101.26582278481013,ROOTSIFT,1.379746835443038,0.013625,0.986375,0.013625,D,"ENHANCEROOTSIFT(nfeatures=8000, contrastThreshold =0.08, edgeThreshold=8)"
252,Industrial_Estate,101.26582278481013,ROOTSIFT,0.5569620253164557,0.0055,0.9945,0.0054999999999999,D,"ENHANCEROOTSIFT(nfeatures=8000, contrastThreshold =0.08, edgeThreshold=8)"
253,Industrial_Estate,101.26582278481013,ROOTSIFT,2.037974683544304,0.020125,0.979875,0.020125,D,"ENHANCEROOTSIFT(nfeatures=8000, contrastThreshold =0.08, edgeThreshold=8)"
254,Industrial_Estate,101.26582278481013,ROOTSIFT,2.9746835443037973,0.029375,0.970625,0.029375,D,"ENHANCEROOTSIFT(nfeatures=8000, contrastThreshold =0.08, edgeThreshold=8)"
255,Industrial_Estate,101.26582278481013,ROOTSIFT,1.7088607594936709,0.016875,0.983125,0.016875,D,"ENHANCEROOTSIFT(nfeatures=8000, contrastThreshold =0.08, edgeThreshold=8)"
256,Industrial_Estate,101.26582278481013,ROOTSIFT,0.5569620253164557,0.0055,0.9945,0.0054999999999999,D,"ENHANCEROOTSIFT(nfeatures=8000, contrastThreshold =0.08, edgeThreshold=8)"
257,Industrial_Estate,101.26582278481013,ROOTSIFT,1.0506329113924051,0.010375,0.989625,0.0103749999999999,D,"ENHANCEROOTSIFT(nfeatures=8000, contrastThreshold =0.08, edgeThreshold=8)"
258,Industrial_Estate,101.27848101265825,ROOTSIFT,1.5063291139240509,0.0148731408573928,0.9851268591426072,0.0148731408573928,D,"ENHANCEROOTSIFT(nfeatures=8000, contrastThreshold =0.08, edgeThreshold=8)"
259,Industrial_Estate,101.26582278481013,ROOTSIFT,4.924050632911392,0.0486249999999999,0.951375,0.0486249999999999,D,"ENHANCEROOTSIFT(nfeatures=8000, contrastThreshold =0.08, edgeThreshold=8)"
260,Industrial_Estate,101.26582278481013,ROOTSIFT,1.3164556962025316,0.013,0.987,0.0129999999999999,D,"ENHANCEROOTSIFT(nfeatures=8000, contrastThreshold =0.08, edgeThreshold=8)"
261,Industrial_Estate,101.26582278481013,ROOTSIFT,4.177215189873418,0.04125,0.95875,0.04125,D,"ENHANCEROOTSIFT(nfeatures=8000, contrastThreshold =0.08, edgeThreshold=8)"
262,Industrial_Estate,101.26582278481013,ROOTSIFT,3.4177215189873418,0.03375,0.96625,0.0337499999999999,D,"ENHANCEROOTSIFT(nfeatures=8000, contrastThreshold =0.08, edgeThreshold=8)"
263,Industrial_Estate,101.26582278481013,ROOTSIFT,3.075949367088608,0.030375,0.969625,0.030375,D,"ENHANCEROOTSIFT(nfeatures=8000, contrastThreshold =0.08, edgeThreshold=8)"
264,Industrial_Estate,101.26582278481013,ROOTSIFT,0.620253164556962,0.0061249999999999,0.993875,0.0061249999999999,D,"ENHANCEROOTSIFT(nfeatures=8000, contrastThreshold =0.08, edgeThreshold=8)"
265,Industrial_Estate,101.27848101265825,ROOTSIFT,4.582278481012659,0.0452443444569428,0.9547556555430572,0.0452443444569428,D,"ENHANCEROOTSIFT(nfeatures=8000, contrastThreshold =0.08, edgeThreshold=8)"
266,Industrial_Estate,101.27848101265825,ROOTSIFT,0.7468354430379747,0.0073740782402199,0.99262592175978,0.00737407824022,D,"ENHANCEROOTSIFT(nfeatures=8000, contrastThreshold =0.08, edgeThreshold=8)"
267,Industrial_Estate,101.26582278481013,ROOTSIFT,3.0126582278481013,0.02975,0.97025,0.02975,D,"ENHANCEROOTSIFT(nfeatures=8000, contrastThreshold =0.08, edgeThreshold=8)"
268,Industrial_Estate,101.26582278481013,ROOTSIFT,14.746835443037977,0.145625,0.854375,0.145625,D,"ENHANCEROOTSIFT(nfeatures=8000, contrastThreshold =0.08, edgeThreshold=8)"
269,Industrial_Estate,101.26582278481013,ROOTSIFT,1.3164556962025316,0.013,0.987,0.0129999999999999,D,"ENHANCEROOTSIFT(nfeatures=8000, contrastThreshold =0.08, edgeThreshold=8)"
270,Industrial_Estate,101.26582278481013,ROOTSIFT,5.481012658227848,0.054125,0.945875,0.054125,D,"ENHANCEROOTSIFT(nfeatures=8000, contrastThreshold =0.08, edgeThreshold=8)"
271,Industrial_Estate,101.26582278481013,ROOTSIFT,4.493670886075949,0.044375,0.955625,0.0443749999999999,D,"ENHANCEROOTSIFT(nfeatures=8000, contrastThreshold =0.08, edgeThreshold=8)"
272,Industrial_Estate,101.27848101265825,ROOTSIFT,4.151898734177215,0.0409948756405449,0.9590051243594552,0.0409948756405448,D,"ENHANCEROOTSIFT(nfeatures=8000, contrastThreshold =0.08, edgeThreshold=8)"
273,Industrial_Estate,101.26582278481013,ROOTSIFT,5.493670886075949,0.05425,0.94575,0.05425,D,"ENHANCEROOTSIFT(nfeatures=8000, contrastThreshold =0.08, edgeThreshold=8)"
274,Industrial_Estate,101.26582278481013,ROOTSIFT,4.772151898734177,0.047125,0.952875,0.0471249999999999,D,"ENHANCEROOTSIFT(nfeatures=8000, contrastThreshold =0.08, edgeThreshold=8)"
275,Industrial_Estate,101.26582278481013,ROOTSIFT,6.278481012658228,0.062,0.938,0.062,D,"ENHANCEROOTSIFT(nfeatures=8000, contrastThreshold =0.08, edgeThreshold=8)"
276,Industrial_Estate,101.26582278481013,ROOTSIFT,4.316455696202532,0.0426249999999999,0.957375,0.0426249999999999,D,"ENHANCEROOTSIFT(nfeatures=8000, contrastThreshold =0.08, edgeThreshold=8)"
277,Industrial_Estate,101.26582278481013,ROOTSIFT,1.2278481012658229,0.012125,0.987875,0.0121249999999999,D,"ENHANCEROOTSIFT(nfeatures=8000, contrastThreshold =0.08, edgeThreshold=8)"
278,Industrial_Estate,101.26582278481013,ROOTSIFT,0.4050632911392405,0.004,0.996,0.004,D,"ENHANCEROOTSIFT(nfeatures=8000, contrastThreshold =0.08, edgeThreshold=8)"
279,Industrial_Estate,101.26582278481013,ROOTSIFT,0.3164556962025316,0.003125,0.996875,0.003125,D,"ENHANCEROOTSIFT(nfeatures=8000, contrastThreshold =0.08, edgeThreshold=8)"
280,Industrial_Estate,101.26582278481013,ROOTSIFT,5.227848101265823,0.051625,0.948375,0.051625,D,"ENHANCEROOTSIFT(nfeatures=8000, contrastThreshold =0.08, edgeThreshold=8)"
281,Industrial_Estate,101.26582278481013,ROOTSIFT,6.518987341772152,0.064375,0.935625,0.0643749999999999,D,"ENHANCEROOTSIFT(nfeatures=8000, contrastThreshold =0.08, edgeThreshold=8)"
282,Industrial_Estate,101.26582278481013,ROOTSIFT,0.5316455696202531,0.0052499999999999,0.99475,0.0052499999999999,D,"ENHANCEROOTSIFT(nfeatures=8000, contrastThreshold =0.08, edgeThreshold=8)"
283,Industrial_Estate,101.26582278481013,ROOTSIFT,4.075949367088608,0.04025,0.95975,0.04025,D,"ENHANCEROOTSIFT(nfeatures=8000, contrastThreshold =0.08, edgeThreshold=8)"
284,Industrial_Estate,101.27848101265825,ROOTSIFT,2.518987341772152,0.0248718910136232,0.9751281089863768,0.0248718910136232,D,"ENHANCEROOTSIFT(nfeatures=8000, contrastThreshold =0.08, edgeThreshold=8)"
285,Industrial_Estate,101.26582278481013,ROOTSIFT,5.734177215189874,0.056625,0.943375,0.056625,D,"ENHANCEROOTSIFT(nfeatures=8000, contrastThreshold =0.08, edgeThreshold=8)"
286,Industrial_Estate,101.26582278481013,ROOTSIFT,3.8607594936708862,0.038125,0.961875,0.0381249999999999,D,"ENHANCEROOTSIFT(nfeatures=8000, contrastThreshold =0.08, edgeThreshold=8)"
287,Industrial_Estate,101.26582278481013,ROOTSIFT,0.3670886075949367,0.003625,0.996375,0.0036249999999999,D,"ENHANCEROOTSIFT(nfeatures=8000, contrastThreshold =0.08, edgeThreshold=8)"
288,Industrial_Estate,101.26582278481013,ROOTSIFT,5.113924050632911,0.0504999999999999,0.9495,0.0505,D,"ENHANCEROOTSIFT(nfeatures=8000, contrastThreshold =0.08, edgeThreshold=8)"
289,Industrial_Estate,101.26582278481013,ROOTSIFT,0.3291139240506329,0.00325,0.99675,0.0032499999999999,D,"ENHANCEROOTSIFT(nfeatures=8000, contrastThreshold =0.08, edgeThreshold=8)"
290,Industrial_Estate,101.26582278481013,ROOTSIFT,0.6075949367088608,0.006,0.994,0.006,D,"ENHANCEROOTSIFT(nfeatures=8000, contrastThreshold =0.08, edgeThreshold=8)"
291,Industrial_Estate,101.26582278481013,ROOTSIFT,0.7974683544303798,0.007875,0.992125,0.0078749999999999,D,"ENHANCEROOTSIFT(nfeatures=8000, contrastThreshold =0.08, edgeThreshold=8)"
292,Industrial_Estate,77.83544303797468,ROOTSIFT,0.4177215189873418,0.0053667262969588,0.9946332737030412,0.0053667262969588,D,"ENHANCEROOTSIFT(nfeatures=8000, contrastThreshold =0.08, edgeThreshold=8)"
293,Industrial_Estate,101.26582278481013,ROOTSIFT,8.734177215189874,0.08625,0.91375,0.08625,D,"ENHANCEROOTSIFT(nfeatures=8000, contrastThreshold =0.08, edgeThreshold=8)"
294,Industrial_Estate,101.26582278481013,ROOTSIFT,5.949367088607595,0.05875,0.94125,0.05875,D,"ENHANCEROOTSIFT(nfeatures=8000, contrastThreshold =0.08, edgeThreshold=8)"
295,Industrial_Estate,101.26582278481013,ROOTSIFT,6.835443037974684,0.0675,0.9325,0.0675,D,"ENHANCEROOTSIFT(nfeatures=8000, contrastThreshold =0.08, edgeThreshold=8)"
296,Industrial_Estate,101.27848101265825,ROOTSIFT,10.278481012658228,0.1014873140857392,0.8985126859142607,0.1014873140857392,D,"ENHANCEROOTSIFT(nfeatures=8000, contrastThreshold =0.08, edgeThreshold=8)"
297,Industrial_Estate,101.26582278481013,ROOTSIFT,1.0379746835443038,0.01025,0.98975,0.0102499999999999,D,"ENHANCEROOTSIFT(nfeatures=8000, contrastThreshold =0.08, edgeThreshold=8)"
298,Industrial_Estate,85.0886075949367,ROOTSIFT,1.8860759493670889,0.0221660220172567,0.9778339779827432,0.0221660220172567,D,"ENHANCEROOTSIFT(nfeatures=8000, contrastThreshold =0.08, edgeThreshold=8)"
299,Industrial_Estate,77.78481012658227,ROOTSIFT,0.7974683544303798,0.0102522375915378,0.9897477624084622,0.0102522375915378,D,"ENHANCEROOTSIFT(nfeatures=8000, contrastThreshold =0.08, edgeThreshold=8)"
300,Industrial_Estate,101.26582278481013,ROOTSIFT,0.6582278481012658,0.0065,0.9935,0.0064999999999999,D,"ENHANCEROOTSIFT(nfeatures=8000, contrastThreshold =0.08, edgeThreshold=8)"
301,Industrial_Estate,101.26582278481013,ROOTSIFT,1.9746835443037976,0.0195,0.9805,0.0195,D,"ENHANCEROOTSIFT(nfeatures=8000, contrastThreshold =0.08, edgeThreshold=8)"
302,Industrial_Estate,101.26582278481013,ROOTSIFT,1.835443037974684,0.018125,0.981875,0.018125,D,"ENHANCEROOTSIFT(nfeatures=8000, contrastThreshold =0.08, edgeThreshold=8)"
303,Industrial_Estate,101.29113924050633,ROOTSIFT,0.5569620253164557,0.005498625343664,0.994501374656336,0.005498625343664,D,"ENHANCEROOTSIFT(nfeatures=8000, contrastThreshold =0.08, edgeThreshold=8)"
304,Industrial_Estate,101.26582278481013,ROOTSIFT,1.2658227848101269,0.0125,0.9875,0.0124999999999999,D,"ENHANCEROOTSIFT(nfeatures=8000, contrastThreshold =0.08, edgeThreshold=8)"
305,Industrial_Estate,101.26582278481013,ROOTSIFT,4.455696202531645,0.044,0.956,0.0439999999999999,D,"ENHANCEROOTSIFT(nfeatures=8000, contrastThreshold =0.08, edgeThreshold=8)"
306,Industrial_Estate,101.26582278481013,ROOTSIFT,2.8987341772151898,0.0286249999999999,0.971375,0.028625,D,"ENHANCEROOTSIFT(nfeatures=8000, contrastThreshold =0.08, edgeThreshold=8)"
307,Industrial_Estate,101.26582278481013,ROOTSIFT,0.0759493670886076,0.00075,0.99925,0.00075,D,"ENHANCEROOTSIFT(nfeatures=8000, contrastThreshold =0.08, edgeThreshold=8)"
308,Industrial_Estate,101.27848101265825,ROOTSIFT,8.139240506329115,0.0803649543807024,0.9196350456192977,0.0803649543807024,D,"ENHANCEROOTSIFT(nfeatures=8000, contrastThreshold =0.08, edgeThreshold=8)"
309,Industrial_Estate,101.26582278481013,ROOTSIFT,4.291139240506329,0.0423749999999999,0.957625,0.0423749999999999,D,"ENHANCEROOTSIFT(nfeatures=8000, contrastThreshold =0.08, edgeThreshold=8)"
310,Industrial_Estate,101.26582278481013,ROOTSIFT,2.911392405063291,0.02875,0.97125,0.02875,D,"ENHANCEROOTSIFT(nfeatures=8000, contrastThreshold =0.08, edgeThreshold=8)"
311,Industrial_Estate,101.26582278481013,ROOTSIFT,2.4683544303797467,0.0243749999999999,0.975625,0.024375,D,"ENHANCEROOTSIFT(nfeatures=8000, contrastThreshold =0.08, edgeThreshold=8)"
312,Industrial_Estate,101.26582278481013,ROOTSIFT,6.39240506329114,0.063125,0.936875,0.063125,D,"ENHANCEROOTSIFT(nfeatures=8000, contrastThreshold =0.08, edgeThreshold=8)"
313,Industrial_Estate,101.26582278481013,ROOTSIFT,2.518987341772152,0.024875,0.975125,0.0248749999999999,D,"ENHANCEROOTSIFT(nfeatures=8000, contrastThreshold =0.08, edgeThreshold=8)"
314,Industrial_Estate,101.26582278481013,ROOTSIFT,5.556962025316456,0.054875,0.945125,0.054875,D,"ENHANCEROOTSIFT(nfeatures=8000, contrastThreshold =0.08, edgeThreshold=8)"
315,Industrial_Estate,101.26582278481013,ROOTSIFT,5.873417721518988,0.058,0.942,0.058,D,"ENHANCEROOTSIFT(nfeatures=8000, contrastThreshold =0.08, edgeThreshold=8)"
316,Industrial_Estate,126.58227848101266,ROOTSIFT,0.2278481012658227,0.0018,0.9982,0.0018,E,"ROOTSIFT(nfeatures=10000, contrastThreshold =0.09, edgeThreshold=11)"
317,Industrial_Estate,126.58227848101266,ROOTSIFT,0.6075949367088608,0.0048,0.9952,0.0048,E,"ROOTSIFT(nfeatures=10000, contrastThreshold =0.09, edgeThreshold=11)"
318,Industrial_Estate,126.58227848101266,ROOTSIFT,1.9240506329113924,0.0152,0.9848,0.0151999999999999,E,"ROOTSIFT(nfeatures=10000, contrastThreshold =0.09, edgeThreshold=11)"
319,Industrial_Estate,126.58227848101266,ROOTSIFT,0.4177215189873418,0.0033,0.9967,0.0032999999999999,E,"ROOTSIFT(nfeatures=10000, contrastThreshold =0.09, edgeThreshold=11)"
320,Industrial_Estate,126.58227848101266,ROOTSIFT,0.8354430379746836,0.0066,0.9934,0.0066,E,"ROOTSIFT(nfeatures=10000, contrastThreshold =0.09, edgeThreshold=11)"
321,Industrial_Estate,126.58227848101266,ROOTSIFT,1.3037974683544304,0.0103,0.9897,0.0102999999999999,E,"ROOTSIFT(nfeatures=10000, contrastThreshold =0.09, edgeThreshold=11)"
322,Industrial_Estate,126.58227848101266,ROOTSIFT,1.6962025316455696,0.0133999999999999,0.9866,0.0133999999999999,E,"ROOTSIFT(nfeatures=10000, contrastThreshold =0.09, edgeThreshold=11)"
323,Industrial_Estate,126.58227848101266,ROOTSIFT,0.569620253164557,0.0045,0.9955,0.0045,E,"ROOTSIFT(nfeatures=10000, contrastThreshold =0.09, edgeThreshold=11)"
324,Industrial_Estate,126.58227848101266,ROOTSIFT,0.7848101265822784,0.0062,0.9938,0.0061999999999999,E,"ROOTSIFT(nfeatures=10000, contrastThreshold =0.09, edgeThreshold=11)"
325,Industrial_Estate,126.58227848101266,ROOTSIFT,0.759493670886076,0.006,0.994,0.006,E,"ROOTSIFT(nfeatures=10000, contrastThreshold =0.09, edgeThreshold=11)"
326,Industrial_Estate,126.58227848101266,ROOTSIFT,0.3670886075949367,0.0029,0.9971,0.0029,E,"ROOTSIFT(nfeatures=10000, contrastThreshold =0.09, edgeThreshold=11)"
327,Industrial_Estate,126.58227848101266,ROOTSIFT,1.1139240506329111,0.0087999999999999,0.9912,0.0088,E,"ROOTSIFT(nfeatures=10000, contrastThreshold =0.09, edgeThreshold=11)"
328,Industrial_Estate,126.58227848101266,ROOTSIFT,3.1012658227848102,0.0245,0.9755,0.0244999999999999,E,"ROOTSIFT(nfeatures=10000, contrastThreshold =0.09, edgeThreshold=11)"
329,Industrial_Estate,126.58227848101266,ROOTSIFT,1.0379746835443038,0.0081999999999999,0.9918,0.0081999999999999,E,"ROOTSIFT(nfeatures=10000, contrastThreshold =0.09, edgeThreshold=11)"
330,Industrial_Estate,126.58227848101266,ROOTSIFT,7.6455696202531644,0.0603999999999999,0.9396,0.0604,E,"ROOTSIFT(nfeatures=10000, contrastThreshold =0.09, edgeThreshold=11)"
331,Industrial_Estate,126.58227848101266,ROOTSIFT,1.2658227848101269,0.01,0.99,0.01,E,"ROOTSIFT(nfeatures=10000, contrastThreshold =0.09, edgeThreshold=11)"
332,Industrial_Estate,126.58227848101266,ROOTSIFT,0.3417721518987341,0.0026999999999999,0.9973,0.0027,E,"ROOTSIFT(nfeatures=10000, contrastThreshold =0.09, edgeThreshold=11)"
333,Industrial_Estate,126.59493670886076,ROOTSIFT,1.1265822784810129,0.0088991100889911,0.991100889911009,0.008899110088991,E,"ROOTSIFT(nfeatures=10000, contrastThreshold =0.09, edgeThreshold=11)"
334,Industrial_Estate,126.59493670886076,ROOTSIFT,1.3544303797468351,0.0106989301069893,0.9893010698930108,0.0106989301069893,E,"ROOTSIFT(nfeatures=10000, contrastThreshold =0.09, edgeThreshold=11)"
335,Industrial_Estate,126.58227848101266,ROOTSIFT,0.4177215189873418,0.0033,0.9967,0.0032999999999999,E,"ROOTSIFT(nfeatures=10000, contrastThreshold =0.09, edgeThreshold=11)"
336,Industrial_Estate,126.58227848101266,ROOTSIFT,2.367088607594937,0.0187,0.9813,0.0187,E,"ROOTSIFT(nfeatures=10000, contrastThreshold =0.09, edgeThreshold=11)"
337,Industrial_Estate,126.60759493670886,ROOTSIFT,0.569620253164557,0.004499100179964,0.995500899820036,0.004499100179964,E,"ROOTSIFT(nfeatures=10000, contrastThreshold =0.09, edgeThreshold=11)"
338,Industrial_Estate,126.58227848101266,ROOTSIFT,3.746835443037975,0.0295999999999999,0.9704,0.0296,E,"ROOTSIFT(nfeatures=10000, contrastThreshold =0.09, edgeThreshold=11)"
339,Industrial_Estate,126.58227848101266,ROOTSIFT,0.4050632911392405,0.0031999999999999,0.9968,0.0031999999999999,E,"ROOTSIFT(nfeatures=10000, contrastThreshold =0.09, edgeThreshold=11)"
340,Industrial_Estate,126.58227848101266,ROOTSIFT,1.7088607594936709,0.0135,0.9865,0.0135,E,"ROOTSIFT(nfeatures=10000, contrastThreshold =0.09, edgeThreshold=11)"
341,Industrial_Estate,126.58227848101266,ROOTSIFT,6.189873417721519,0.0489,0.9511,0.0488999999999999,E,"ROOTSIFT(nfeatures=10000, contrastThreshold =0.09, edgeThreshold=11)"
342,Industrial_Estate,126.58227848101266,ROOTSIFT,0.4556962025316455,0.0036,0.9964,0.0035999999999999,E,"ROOTSIFT(nfeatures=10000, contrastThreshold =0.09, edgeThreshold=11)"
343,Industrial_Estate,126.58227848101266,ROOTSIFT,1.9746835443037976,0.0156,0.9844,0.0156,E,"ROOTSIFT(nfeatures=10000, contrastThreshold =0.09, edgeThreshold=11)"
344,Industrial_Estate,126.58227848101266,ROOTSIFT,2.670886075949367,0.0211,0.9789,0.0211,E,"ROOTSIFT(nfeatures=10000, contrastThreshold =0.09, edgeThreshold=11)"
345,Industrial_Estate,126.58227848101266,ROOTSIFT,0.5569620253164557,0.0043999999999999,0.9956,0.0043999999999999,E,"ROOTSIFT(nfeatures=10000, contrastThreshold =0.09, edgeThreshold=11)"
346,Industrial_Estate,126.58227848101266,ROOTSIFT,1.7088607594936709,0.0135,0.9865,0.0135,E,"ROOTSIFT(nfeatures=10000, contrastThreshold =0.09, edgeThreshold=11)"
347,Industrial_Estate,126.59493670886076,ROOTSIFT,10.886075949367088,0.085991400859914,0.914008599140086,0.0859914008599139,E,"ROOTSIFT(nfeatures=10000, contrastThreshold =0.09, edgeThreshold=11)"
348,Industrial_Estate,126.58227848101266,ROOTSIFT,0.3670886075949367,0.0029,0.9971,0.0029,E,"ROOTSIFT(nfeatures=10000, contrastThreshold =0.09, edgeThreshold=11)"
349,Industrial_Estate,126.58227848101266,ROOTSIFT,5.379746835443038,0.0425,0.9575,0.0425,E,"ROOTSIFT(nfeatures=10000, contrastThreshold =0.09, edgeThreshold=11)"
350,Industrial_Estate,126.59493670886076,ROOTSIFT,3.1392405063291138,0.0247975202479752,0.9752024797520248,0.0247975202479752,E,"ROOTSIFT(nfeatures=10000, contrastThreshold =0.09, edgeThreshold=11)"
351,Industrial_Estate,126.58227848101266,ROOTSIFT,2.088607594936709,0.0165,0.9835,0.0164999999999999,E,"ROOTSIFT(nfeatures=10000, contrastThreshold =0.09, edgeThreshold=11)"
352,Industrial_Estate,126.58227848101266,ROOTSIFT,6.1265822784810124,0.0484,0.9516,0.0484,E,"ROOTSIFT(nfeatures=10000, contrastThreshold =0.09, edgeThreshold=11)"
353,Industrial_Estate,126.59493670886076,ROOTSIFT,2.949367088607595,0.0232976702329767,0.9767023297670232,0.0232976702329767,E,"ROOTSIFT(nfeatures=10000, contrastThreshold =0.09, edgeThreshold=11)"
354,Industrial_Estate,126.58227848101266,ROOTSIFT,3.278481012658228,0.0259,0.9741,0.0259,E,"ROOTSIFT(nfeatures=10000, contrastThreshold =0.09, edgeThreshold=11)"
355,Industrial_Estate,126.59493670886076,ROOTSIFT,1.3417721518987342,0.0105989401059894,0.9894010598940106,0.0105989401059893,E,"ROOTSIFT(nfeatures=10000, contrastThreshold =0.09, edgeThreshold=11)"
356,Industrial_Estate,126.58227848101266,ROOTSIFT,6.354430379746836,0.0502,0.9498,0.0501999999999999,E,"ROOTSIFT(nfeatures=10000, contrastThreshold =0.09, edgeThreshold=11)"
357,Industrial_Estate,126.58227848101266,ROOTSIFT,0.4177215189873418,0.0033,0.9967,0.0032999999999999,E,"ROOTSIFT(nfeatures=10000, contrastThreshold =0.09, edgeThreshold=11)"
358,Industrial_Estate,126.58227848101266,ROOTSIFT,0.1645569620253164,0.0013,0.9987,0.0012999999999999,E,"ROOTSIFT(nfeatures=10000, contrastThreshold =0.09, edgeThreshold=11)"
359,Industrial_Estate,126.58227848101266,ROOTSIFT,2.949367088607595,0.0233,0.9767,0.0233,E,"ROOTSIFT(nfeatures=10000, contrastThreshold =0.09, edgeThreshold=11)"
360,Industrial_Estate,126.58227848101266,ROOTSIFT,4.493670886075949,0.0355,0.9645,0.0354999999999999,E,"ROOTSIFT(nfeatures=10000, contrastThreshold =0.09, edgeThreshold=11)"
361,Industrial_Estate,126.58227848101266,ROOTSIFT,0.1392405063291139,0.0010999999999999,0.9989,0.0010999999999999,E,"ROOTSIFT(nfeatures=10000, contrastThreshold =0.09, edgeThreshold=11)"
362,Industrial_Estate,126.58227848101266,ROOTSIFT,2.2531645569620253,0.0178,0.9822,0.0177999999999999,E,"ROOTSIFT(nfeatures=10000, contrastThreshold =0.09, edgeThreshold=11)"
363,Industrial_Estate,126.58227848101266,ROOTSIFT,1.0886075949367089,0.0086,0.9914,0.0085999999999999,E,"ROOTSIFT(nfeatures=10000, contrastThreshold =0.09, edgeThreshold=11)"
364,Industrial_Estate,126.58227848101266,ROOTSIFT,1.759493670886076,0.0139,0.9861,0.0139,E,"ROOTSIFT(nfeatures=10000, contrastThreshold =0.09, edgeThreshold=11)"
365,Industrial_Estate,126.59493670886076,ROOTSIFT,2.9240506329113924,0.0230976902309769,0.9769023097690231,0.0230976902309768,E,"ROOTSIFT(nfeatures=10000, contrastThreshold =0.09, edgeThreshold=11)"
366,Industrial_Estate,126.58227848101266,ROOTSIFT,0.1518987341772152,0.0012,0.9988,0.0011999999999999,E,"ROOTSIFT(nfeatures=10000, contrastThreshold =0.09, edgeThreshold=11)"
367,Industrial_Estate,126.58227848101266,ROOTSIFT,2.949367088607595,0.0233,0.9767,0.0233,E,"ROOTSIFT(nfeatures=10000, contrastThreshold =0.09, edgeThreshold=11)"
368,Industrial_Estate,126.58227848101266,ROOTSIFT,0.3670886075949367,0.0029,0.9971,0.0029,E,"ROOTSIFT(nfeatures=10000, contrastThreshold =0.09, edgeThreshold=11)"
369,Industrial_Estate,126.58227848101266,ROOTSIFT,0.6962025316455697,0.0055,0.9945,0.0054999999999999,E,"ROOTSIFT(nfeatures=10000, contrastThreshold =0.09, edgeThreshold=11)"
370,Industrial_Estate,126.58227848101266,ROOTSIFT,2.3797468354430378,0.0187999999999999,0.9812,0.0188,E,"ROOTSIFT(nfeatures=10000, contrastThreshold =0.09, edgeThreshold=11)"
371,Industrial_Estate,126.58227848101266,ROOTSIFT,0.6962025316455697,0.0055,0.9945,0.0054999999999999,E,"ROOTSIFT(nfeatures=10000, contrastThreshold =0.09, edgeThreshold=11)"
372,Industrial_Estate,126.58227848101266,ROOTSIFT,1.835443037974684,0.0144999999999999,0.9855,0.0144999999999999,E,"ROOTSIFT(nfeatures=10000, contrastThreshold =0.09, edgeThreshold=11)"
373,Industrial_Estate,126.58227848101266,ROOTSIFT,4.075949367088608,0.0322,0.9678,0.0322,E,"ROOTSIFT(nfeatures=10000, contrastThreshold =0.09, edgeThreshold=11)"
374,Industrial_Estate,126.58227848101266,ROOTSIFT,3.1392405063291138,0.0248,0.9752,0.0248,E,"ROOTSIFT(nfeatures=10000, contrastThreshold =0.09, edgeThreshold=11)"
375,Industrial_Estate,126.58227848101266,ROOTSIFT,10.40506329113924,0.0822,0.9178,0.0822,E,"ROOTSIFT(nfeatures=10000, contrastThreshold =0.09, edgeThreshold=11)"
376,Industrial_Estate,126.58227848101266,ROOTSIFT,0.620253164556962,0.0049,0.9951,0.0048999999999999,E,"ROOTSIFT(nfeatures=10000, contrastThreshold =0.09, edgeThreshold=11)"
377,Industrial_Estate,126.58227848101266,ROOTSIFT,0.379746835443038,0.003,0.997,0.003,E,"ROOTSIFT(nfeatures=10000, contrastThreshold =0.09, edgeThreshold=11)"
378,Industrial_Estate,126.58227848101266,ROOTSIFT,0.569620253164557,0.0045,0.9955,0.0045,E,"ROOTSIFT(nfeatures=10000, contrastThreshold =0.09, edgeThreshold=11)"
379,Industrial_Estate,126.58227848101266,ROOTSIFT,0.5443037974683544,0.0043,0.9957,0.0043,E,"ROOTSIFT(nfeatures=10000, contrastThreshold =0.09, edgeThreshold=11)"
380,Industrial_Estate,126.58227848101266,ROOTSIFT,0.4810126582278481,0.0038,0.9962,0.0038,E,"ROOTSIFT(nfeatures=10000, contrastThreshold =0.09, edgeThreshold=11)"
381,Industrial_Estate,126.58227848101266,ROOTSIFT,1.860759493670886,0.0146999999999999,0.9853,0.0146999999999999,E,"ROOTSIFT(nfeatures=10000, contrastThreshold =0.09, edgeThreshold=11)"
382,Industrial_Estate,126.59493670886076,ROOTSIFT,0.9873417721518988,0.0077992200779922,0.9922007799220078,0.0077992200779921,E,"ROOTSIFT(nfeatures=10000, contrastThreshold =0.09, edgeThreshold=11)"
383,Industrial_Estate,126.58227848101266,ROOTSIFT,0.5443037974683544,0.0043,0.9957,0.0043,E,"ROOTSIFT(nfeatures=10000, contrastThreshold =0.09, edgeThreshold=11)"
384,Industrial_Estate,126.58227848101266,ROOTSIFT,1.835443037974684,0.0144999999999999,0.9855,0.0144999999999999,E,"ROOTSIFT(nfeatures=10000, contrastThreshold =0.09, edgeThreshold=11)"
385,Industrial_Estate,126.59493670886076,ROOTSIFT,1.1012658227848102,0.0086991300869913,0.9913008699130088,0.0086991300869913,E,"ROOTSIFT(nfeatures=10000, contrastThreshold =0.09, edgeThreshold=11)"
386,Industrial_Estate,126.58227848101266,ROOTSIFT,0.0759493670886076,0.0006,0.9994,0.0006,E,"ROOTSIFT(nfeatures=10000, contrastThreshold =0.09, edgeThreshold=11)"
387,Industrial_Estate,126.58227848101266,ROOTSIFT,1.6075949367088609,0.0126999999999999,0.9873,0.0127,E,"ROOTSIFT(nfeatures=10000, contrastThreshold =0.09, edgeThreshold=11)"
388,Industrial_Estate,126.58227848101266,ROOTSIFT,4.810126582278481,0.038,0.962,0.038,E,"ROOTSIFT(nfeatures=10000, contrastThreshold =0.09, edgeThreshold=11)"
389,Industrial_Estate,126.58227848101266,ROOTSIFT,0.4556962025316455,0.0036,0.9964,0.0035999999999999,E,"ROOTSIFT(nfeatures=10000, contrastThreshold =0.09, edgeThreshold=11)"
390,Industrial_Estate,126.58227848101266,ROOTSIFT,1.3037974683544304,0.0103,0.9897,0.0102999999999999,E,"ROOTSIFT(nfeatures=10000, contrastThreshold =0.09, edgeThreshold=11)"
391,Industrial_Estate,126.58227848101266,ROOTSIFT,5.531645569620253,0.0436999999999999,0.9563,0.0436999999999999,E,"ROOTSIFT(nfeatures=10000, contrastThreshold =0.09, edgeThreshold=11)"
392,Industrial_Estate,126.58227848101266,ROOTSIFT,0.8481012658227848,0.0066999999999999,0.9933,0.0067,E,"ROOTSIFT(nfeatures=10000, contrastThreshold =0.09, edgeThreshold=11)"
393,Industrial_Estate,126.58227848101266,ROOTSIFT,3.0253164556962027,0.0239,0.9761,0.0238999999999999,E,"ROOTSIFT(nfeatures=10000, contrastThreshold =0.09, edgeThreshold=11)"
394,Industrial_Estate,126.58227848101266,ROOTSIFT,3.189873417721519,0.0252,0.9748,0.0252,E,"ROOTSIFT(nfeatures=10000, contrastThreshold =0.09, edgeThreshold=11)"
395,Industrial_Estate,126.58227848101266,ROOTSIFT,0.3164556962025316,0.0025,0.9975,0.0025,F,"ENHANCEROOTSIFT(nfeatures=10000, contrastThreshold =0.09, edgeThreshold=11)"
396,Industrial_Estate,126.58227848101266,ROOTSIFT,2.088607594936709,0.0165,0.9835,0.0164999999999999,F,"ENHANCEROOTSIFT(nfeatures=10000, contrastThreshold =0.09, edgeThreshold=11)"
397,Industrial_Estate,126.59493670886076,ROOTSIFT,4.924050632911392,0.0388961103889611,0.9611038896110388,0.0388961103889611,F,"ENHANCEROOTSIFT(nfeatures=10000, contrastThreshold =0.09, edgeThreshold=11)"
398,Industrial_Estate,126.58227848101266,ROOTSIFT,2.4050632911392404,0.019,0.981,0.019,F,"ENHANCEROOTSIFT(nfeatures=10000, contrastThreshold =0.09, edgeThreshold=11)"
399,Industrial_Estate,126.58227848101266,ROOTSIFT,0.430379746835443,0.0034,0.9966,0.0033999999999999,F,"ENHANCEROOTSIFT(nfeatures=10000, contrastThreshold =0.09, edgeThreshold=11)"
400,Industrial_Estate,126.58227848101266,ROOTSIFT,3.59493670886076,0.0283999999999999,0.9716,0.0283999999999999,F,"ENHANCEROOTSIFT(nfeatures=10000, contrastThreshold =0.09, edgeThreshold=11)"
401,Industrial_Estate,107.39240506329114,ROOTSIFT,0.430379746835443,0.004007543611504,0.995992456388496,0.004007543611504,F,"ENHANCEROOTSIFT(nfeatures=10000, contrastThreshold =0.09, edgeThreshold=11)"
402,Industrial_Estate,126.58227848101266,ROOTSIFT,1.1518987341772151,0.0090999999999999,0.9909,0.0090999999999999,F,"ENHANCEROOTSIFT(nfeatures=10000, contrastThreshold =0.09, edgeThreshold=11)"
403,Industrial_Estate,126.58227848101266,ROOTSIFT,0.430379746835443,0.0034,0.9966,0.0033999999999999,F,"ENHANCEROOTSIFT(nfeatures=10000, contrastThreshold =0.09, edgeThreshold=11)"
404,Industrial_Estate,126.58227848101266,ROOTSIFT,0.5316455696202531,0.0042,0.9958,0.0041999999999999,F,"ENHANCEROOTSIFT(nfeatures=10000, contrastThreshold =0.09, edgeThreshold=11)"
405,Industrial_Estate,126.58227848101266,ROOTSIFT,0.5443037974683544,0.0043,0.9957,0.0043,F,"ENHANCEROOTSIFT(nfeatures=10000, contrastThreshold =0.09, edgeThreshold=11)"
406,Industrial_Estate,126.58227848101266,ROOTSIFT,6.075949367088608,0.048,0.952,0.048,F,"ENHANCEROOTSIFT(nfeatures=10000, contrastThreshold =0.09, edgeThreshold=11)"
407,Industrial_Estate,126.58227848101266,ROOTSIFT,7.265822784810126,0.0573999999999999,0.9426,0.0574,F,"ENHANCEROOTSIFT(nfeatures=10000, contrastThreshold =0.09, edgeThreshold=11)"
408,Industrial_Estate,126.58227848101266,ROOTSIFT,2.1265822784810124,0.0168,0.9832,0.0167999999999999,F,"ENHANCEROOTSIFT(nfeatures=10000, contrastThreshold =0.09, edgeThreshold=11)"
409,Industrial_Estate,126.58227848101266,ROOTSIFT,8.50632911392405,0.0672,0.9328,0.0672,F,"ENHANCEROOTSIFT(nfeatures=10000, contrastThreshold =0.09, edgeThreshold=11)"
410,Industrial_Estate,126.59493670886076,ROOTSIFT,1.139240506329114,0.008999100089991,0.991000899910009,0.008999100089991,F,"ENHANCEROOTSIFT(nfeatures=10000, contrastThreshold =0.09, edgeThreshold=11)"
411,Industrial_Estate,110.49367088607596,ROOTSIFT,0.8860759493670886,0.008019246190858,0.991980753809142,0.008019246190858,F,"ENHANCEROOTSIFT(nfeatures=10000, contrastThreshold =0.09, edgeThreshold=11)"
412,Industrial_Estate,126.59493670886076,ROOTSIFT,3.708860759493671,0.0292970702929707,0.9707029297070292,0.0292970702929706,F,"ENHANCEROOTSIFT(nfeatures=10000, contrastThreshold =0.09, edgeThreshold=11)"
413,Industrial_Estate,126.58227848101266,ROOTSIFT,1.139240506329114,0.009,0.991,0.009,F,"ENHANCEROOTSIFT(nfeatures=10000, contrastThreshold =0.09, edgeThreshold=11)"
414,Industrial_Estate,126.59493670886076,ROOTSIFT,1.481012658227848,0.0116988301169883,0.9883011698830116,0.0116988301169883,F,"ENHANCEROOTSIFT(nfeatures=10000, contrastThreshold =0.09, edgeThreshold=11)"
415,Industrial_Estate,126.58227848101266,ROOTSIFT,0.3670886075949367,0.0029,0.9971,0.0029,F,"ENHANCEROOTSIFT(nfeatures=10000, contrastThreshold =0.09, edgeThreshold=11)"
416,Industrial_Estate,126.58227848101266,ROOTSIFT,1.962025316455696,0.0155,0.9845,0.0154999999999999,F,"ENHANCEROOTSIFT(nfeatures=10000, contrastThreshold =0.09, edgeThreshold=11)"
417,Industrial_Estate,126.58227848101266,ROOTSIFT,5.962025316455696,0.0470999999999999,0.9529,0.0471,F,"ENHANCEROOTSIFT(nfeatures=10000, contrastThreshold =0.09, edgeThreshold=11)"
418,Industrial_Estate,126.59493670886076,ROOTSIFT,1.7341772151898731,0.0136986301369863,0.9863013698630136,0.0136986301369863,F,"ENHANCEROOTSIFT(nfeatures=10000, contrastThreshold =0.09, edgeThreshold=11)"
419,Industrial_Estate,126.58227848101266,ROOTSIFT,5.291139240506329,0.0418,0.9582,0.0417999999999999,F,"ENHANCEROOTSIFT(nfeatures=10000, contrastThreshold =0.09, edgeThreshold=11)"
420,Industrial_Estate,126.58227848101266,ROOTSIFT,3.886075949367088,0.0306999999999999,0.9693,0.0306999999999999,F,"ENHANCEROOTSIFT(nfeatures=10000, contrastThreshold =0.09, edgeThreshold=11)"
421,Industrial_Estate,126.58227848101266,ROOTSIFT,3.734177215189873,0.0295,0.9705,0.0294999999999999,F,"ENHANCEROOTSIFT(nfeatures=10000, contrastThreshold =0.09, edgeThreshold=11)"
422,Industrial_Estate,126.58227848101266,ROOTSIFT,0.4556962025316455,0.0036,0.9964,0.0035999999999999,F,"ENHANCEROOTSIFT(nfeatures=10000, contrastThreshold =0.09, edgeThreshold=11)"
423,Industrial_Estate,126.58227848101266,ROOTSIFT,5.518987341772152,0.0436,0.9564,0.0435999999999999,F,"ENHANCEROOTSIFT(nfeatures=10000, contrastThreshold =0.09, edgeThreshold=11)"
424,Industrial_Estate,126.58227848101266,ROOTSIFT,1.4177215189873418,0.0112,0.9888,0.0111999999999999,F,"ENHANCEROOTSIFT(nfeatures=10000, contrastThreshold =0.09, edgeThreshold=11)"
425,Industrial_Estate,126.59493670886076,ROOTSIFT,3.2658227848101267,0.0257974202579742,0.9742025797420258,0.0257974202579741,F,"ENHANCEROOTSIFT(nfeatures=10000, contrastThreshold =0.09, edgeThreshold=11)"
426,Industrial_Estate,126.58227848101266,ROOTSIFT,17.962025316455698,0.1419,0.8581,0.1419,F,"ENHANCEROOTSIFT(nfeatures=10000, contrastThreshold =0.09, edgeThreshold=11)"
427,Industrial_Estate,126.58227848101266,ROOTSIFT,1.0253164556962024,0.0081,0.9919,0.0080999999999999,F,"ENHANCEROOTSIFT(nfeatures=10000, contrastThreshold =0.09, edgeThreshold=11)"
428,Industrial_Estate,126.58227848101266,ROOTSIFT,7.481012658227848,0.0590999999999999,0.9409,0.0591,F,"ENHANCEROOTSIFT(nfeatures=10000, contrastThreshold =0.09, edgeThreshold=11)"
429,Industrial_Estate,126.58227848101266,ROOTSIFT,4.873417721518988,0.0385,0.9615,0.0384999999999999,F,"ENHANCEROOTSIFT(nfeatures=10000, contrastThreshold =0.09, edgeThreshold=11)"
430,Industrial_Estate,126.58227848101266,ROOTSIFT,4.367088607594937,0.0345,0.9655,0.0344999999999999,F,"ENHANCEROOTSIFT(nfeatures=10000, contrastThreshold =0.09, edgeThreshold=11)"
431,Industrial_Estate,126.58227848101266,ROOTSIFT,6.430379746835443,0.0507999999999999,0.9492,0.0507999999999999,F,"ENHANCEROOTSIFT(nfeatures=10000, contrastThreshold =0.09, edgeThreshold=11)"
432,Industrial_Estate,126.58227848101266,ROOTSIFT,5.924050632911392,0.0467999999999999,0.9532,0.0467999999999999,F,"ENHANCEROOTSIFT(nfeatures=10000, contrastThreshold =0.09, edgeThreshold=11)"
433,Industrial_Estate,126.59493670886076,ROOTSIFT,7.6075949367088604,0.0600939906009399,0.93990600939906,0.0600939906009399,F,"ENHANCEROOTSIFT(nfeatures=10000, contrastThreshold =0.09, edgeThreshold=11)"
434,Industrial_Estate,126.58227848101266,ROOTSIFT,5.417721518987341,0.0427999999999999,0.9572,0.0427999999999999,F,"ENHANCEROOTSIFT(nfeatures=10000, contrastThreshold =0.09, edgeThreshold=11)"
435,Industrial_Estate,126.58227848101266,ROOTSIFT,0.9113924050632912,0.0072,0.9928,0.0071999999999999,F,"ENHANCEROOTSIFT(nfeatures=10000, contrastThreshold =0.09, edgeThreshold=11)"
436,Industrial_Estate,126.58227848101266,ROOTSIFT,0.4683544303797468,0.0036999999999999,0.9963,0.0037,F,"ENHANCEROOTSIFT(nfeatures=10000, contrastThreshold =0.09, edgeThreshold=11)"
437,Industrial_Estate,126.59493670886076,ROOTSIFT,0.2658227848101265,0.0020997900209979,0.997900209979002,0.0020997900209979,F,"ENHANCEROOTSIFT(nfeatures=10000, contrastThreshold =0.09, edgeThreshold=11)"
438,Industrial_Estate,126.59493670886076,ROOTSIFT,6.556962025316456,0.0517948205179482,0.948205179482052,0.0517948205179481,F,"ENHANCEROOTSIFT(nfeatures=10000, contrastThreshold =0.09, edgeThreshold=11)"
439,Industrial_Estate,126.58227848101266,ROOTSIFT,8.30379746835443,0.0655999999999999,0.9344,0.0655999999999999,F,"ENHANCEROOTSIFT(nfeatures=10000, contrastThreshold =0.09, edgeThreshold=11)"
440,Industrial_Estate,126.58227848101266,ROOTSIFT,0.6329113924050633,0.005,0.995,0.005,F,"ENHANCEROOTSIFT(nfeatures=10000, contrastThreshold =0.09, edgeThreshold=11)"
441,Industrial_Estate,126.58227848101266,ROOTSIFT,4.734177215189874,0.0374,0.9626,0.0373999999999999,F,"ENHANCEROOTSIFT(nfeatures=10000, contrastThreshold =0.09, edgeThreshold=11)"
442,Industrial_Estate,126.58227848101266,ROOTSIFT,3.3797468354430378,0.0266999999999999,0.9733,0.0267,F,"ENHANCEROOTSIFT(nfeatures=10000, contrastThreshold =0.09, edgeThreshold=11)"
443,Industrial_Estate,126.59493670886076,ROOTSIFT,6.531645569620253,0.0515948405159484,0.9484051594840516,0.0515948405159484,F,"ENHANCEROOTSIFT(nfeatures=10000, contrastThreshold =0.09, edgeThreshold=11)"
444,Industrial_Estate,126.59493670886076,ROOTSIFT,8.08860759493671,0.0638936106389361,0.936106389361064,0.063893610638936,F,"ENHANCEROOTSIFT(nfeatures=10000, contrastThreshold =0.09, edgeThreshold=11)"
445,Industrial_Estate,126.58227848101266,ROOTSIFT,0.3417721518987341,0.0026999999999999,0.9973,0.0027,F,"ENHANCEROOTSIFT(nfeatures=10000, contrastThreshold =0.09, edgeThreshold=11)"
446,Industrial_Estate,126.58227848101266,ROOTSIFT,6.025316455696203,0.0475999999999999,0.9524,0.0475999999999999,F,"ENHANCEROOTSIFT(nfeatures=10000, contrastThreshold =0.09, edgeThreshold=11)"
447,Industrial_Estate,126.58227848101266,ROOTSIFT,0.5443037974683544,0.0043,0.9957,0.0043,F,"ENHANCEROOTSIFT(nfeatures=10000, contrastThreshold =0.09, edgeThreshold=11)"
448,Industrial_Estate,126.59493670886076,ROOTSIFT,0.7721518987341772,0.0060993900609939,0.993900609939006,0.0060993900609939,F,"ENHANCEROOTSIFT(nfeatures=10000, contrastThreshold =0.09, edgeThreshold=11)"
449,Industrial_Estate,110.20253164556962,ROOTSIFT,1.0,0.009074201699977,0.9909257983000228,0.009074201699977,F,"ENHANCEROOTSIFT(nfeatures=10000, contrastThreshold =0.09, edgeThreshold=11)"
450,Industrial_Estate,79.9873417721519,ROOTSIFT,0.5316455696202531,0.0066466213008387,0.9933533786991612,0.0066466213008387,F,"ENHANCEROOTSIFT(nfeatures=10000, contrastThreshold =0.09, edgeThreshold=11)"
451,Industrial_Estate,126.58227848101266,ROOTSIFT,9.848101265822784,0.0778,0.9222,0.0778,F,"ENHANCEROOTSIFT(nfeatures=10000, contrastThreshold =0.09, edgeThreshold=11)"
452,Industrial_Estate,126.58227848101266,ROOTSIFT,7.113924050632911,0.0561999999999999,0.9438,0.0562,F,"ENHANCEROOTSIFT(nfeatures=10000, contrastThreshold =0.09, edgeThreshold=11)"
453,Industrial_Estate,126.58227848101266,ROOTSIFT,9.329113924050631,0.0737,0.9263,0.0737,F,"ENHANCEROOTSIFT(nfeatures=10000, contrastThreshold =0.09, edgeThreshold=11)"
454,Industrial_Estate,126.58227848101266,ROOTSIFT,11.0,0.0868999999999999,0.9131,0.0868999999999999,F,"ENHANCEROOTSIFT(nfeatures=10000, contrastThreshold =0.09, edgeThreshold=11)"
455,Industrial_Estate,126.58227848101266,ROOTSIFT,1.0886075949367089,0.0086,0.9914,0.0085999999999999,F,"ENHANCEROOTSIFT(nfeatures=10000, contrastThreshold =0.09, edgeThreshold=11)"
456,Industrial_Estate,85.68354430379746,ROOTSIFT,1.6329113924050631,0.0190574678682227,0.9809425321317772,0.0190574678682228,F,"ENHANCEROOTSIFT(nfeatures=10000, contrastThreshold =0.09, edgeThreshold=11)"
457,Industrial_Estate,80.92405063291139,ROOTSIFT,0.430379746835443,0.0053183169091193,0.9946816830908808,0.0053183169091193,F,"ENHANCEROOTSIFT(nfeatures=10000, contrastThreshold =0.09, edgeThreshold=11)"
458,Industrial_Estate,126.58227848101266,ROOTSIFT,0.4556962025316455,0.0036,0.9964,0.0035999999999999,F,"ENHANCEROOTSIFT(nfeatures=10000, contrastThreshold =0.09, edgeThreshold=11)"
459,Industrial_Estate,126.60759493670886,ROOTSIFT,2.2025316455696204,0.0173965206958608,0.9826034793041392,0.0173965206958608,F,"ENHANCEROOTSIFT(nfeatures=10000, contrastThreshold =0.09, edgeThreshold=11)"
460,Industrial_Estate,126.58227848101266,ROOTSIFT,1.8734177215189876,0.0147999999999999,0.9852,0.0148,F,"ENHANCEROOTSIFT(nfeatures=10000, contrastThreshold =0.09, edgeThreshold=11)"
461,Industrial_Estate,126.58227848101266,ROOTSIFT,1.5443037974683544,0.0121999999999999,0.9878,0.0121999999999999,F,"ENHANCEROOTSIFT(nfeatures=10000, contrastThreshold =0.09, edgeThreshold=11)"
462,Industrial_Estate,126.58227848101266,ROOTSIFT,0.5063291139240507,0.004,0.996,0.004,F,"ENHANCEROOTSIFT(nfeatures=10000, contrastThreshold =0.09, edgeThreshold=11)"
463,Industrial_Estate,126.58227848101266,ROOTSIFT,5.215189873417722,0.0412,0.9588,0.0412,F,"ENHANCEROOTSIFT(nfeatures=10000, contrastThreshold =0.09, edgeThreshold=11)"
464,Industrial_Estate,126.58227848101266,ROOTSIFT,4.037974683544304,0.0319,0.9681,0.0319,F,"ENHANCEROOTSIFT(nfeatures=10000, contrastThreshold =0.09, edgeThreshold=11)"
465,Industrial_Estate,126.59493670886076,ROOTSIFT,0.0886075949367088,0.0006999300069993,0.9993000699930008,0.0006999300069993,F,"ENHANCEROOTSIFT(nfeatures=10000, contrastThreshold =0.09, edgeThreshold=11)"
466,Industrial_Estate,126.58227848101266,ROOTSIFT,9.9873417721519,0.0789,0.9211,0.0788999999999999,F,"ENHANCEROOTSIFT(nfeatures=10000, contrastThreshold =0.09, edgeThreshold=11)"
467,Industrial_Estate,126.58227848101266,ROOTSIFT,4.6455696202531644,0.0366999999999999,0.9633,0.0367,F,"ENHANCEROOTSIFT(nfeatures=10000, contrastThreshold =0.09, edgeThreshold=11)"
468,Industrial_Estate,126.58227848101266,ROOTSIFT,3.518987341772152,0.0278,0.9722,0.0277999999999999,F,"ENHANCEROOTSIFT(nfeatures=10000, contrastThreshold =0.09, edgeThreshold=11)"
469,Industrial_Estate,126.58227848101266,ROOTSIFT,2.873417721518988,0.0227,0.9773,0.0227,F,"ENHANCEROOTSIFT(nfeatures=10000, contrastThreshold =0.09, edgeThreshold=11)"
470,Industrial_Estate,126.58227848101266,ROOTSIFT,7.341772151898734,0.0579999999999999,0.942,0.058,F,"ENHANCEROOTSIFT(nfeatures=10000, contrastThreshold =0.09, edgeThreshold=11)"
471,Industrial_Estate,126.58227848101266,ROOTSIFT,3.4936708860759493,0.0276,0.9724,0.0275999999999999,F,"ENHANCEROOTSIFT(nfeatures=10000, contrastThreshold =0.09, edgeThreshold=11)"
472,Industrial_Estate,126.58227848101266,ROOTSIFT,6.544303797468355,0.0516999999999999,0.9483,0.0517,F,"ENHANCEROOTSIFT(nfeatures=10000, contrastThreshold =0.09, edgeThreshold=11)"
473,Industrial_Estate,126.58227848101266,ROOTSIFT,7.139240506329114,0.0564,0.9436,0.0563999999999999,F,"ENHANCEROOTSIFT(nfeatures=10000, contrastThreshold =0.09, edgeThreshold=11)"
